Unity Editor version:    6000.6.3f1 (45d8eee7de74)
Branch:                  6000.6/staging
Build type:              Release
Batch mode:              NO
System name:             Linux
Distro version:          #34~24.04.1-Ubuntu SMP PREEMPT_DYNAMIC Fri Sep  4 15:38:29 UTC 2
Kernel version:          7.0.0-34-generic
Architecture:            x86_64
Available memory:        15361 MB
Date:                    2026-09-30T16:37:02Z
VBCSCompilerPreWarmer: watching VBCSCompiler (PID 440201)
VBCSCompilerPreWarmer: pre-warm launched (dotnet PID 440203)
VBCSCompiler prewarm took 30.60 ms
[Licensing::Module] Trying to connect to existing licensing client channel...
[Licensing::IpcConnector] Successfully connected to: "LicenseClient-pontus-akerman" at "2026-09-30T16:37:02.996116Z"
[SignatureVerifier] Application signature verification not supported on this platform.
[Licensing::Client] Handshaking with LicensingClient:
  Version:                 1.18.3+d7ffd15
  Session Id:              6e9d494b174b454fa3977eb3611fb96e
  Correlation Id:          cf18b58b1458b98dceb4c1b95b798247
  External correlation Id: 5146521414835638155
  Machine Id:              wqpPwVQ5+/KnOpiqFkruWYT9lJ8=
[Licensing::Module] Successfully connected to LicensingClient on channel: "LicenseClient-pontus-akerman" (connect: 0.00s, validation: 0.01s, handshake: 0.00s)
[Licensing::IpcConnector] Successfully connected to: "LicenseClient-pontus-akerman-notifications" at "2026-09-30T16:37:03.002056Z"
[Licensing::Client] Successfully updated the access token
[Licensing::Module] Successfully updated the access token ypS6E9ycYa...
[Licensing::Client] Successfully resolved entitlement details
[Licensing::Module] License group:
  Id: 9072454928681-UnityPersXXXX
  Product: Unity Personal
  Type: Assigned
  Expiration: Unlimited
[Licensing::Client] Successfully updated license, isAsync: True, time: 0.01
[Licensing::Client] Successfully resolved entitlement details
[Licensing::Module] Licensing Background thread has ended after 0.03s
Selected window backend: (null) 
Desktop is 1920 x 1080 @ 60 Hz
Initialize udev device monitor.

COMMAND LINE ARGUMENTS:
/home/pontus-akerman/Unity/Hub/Editor/6000.6.3f1/Editor/unityhub-unity-editor-6000.6.3f1
-createproject
/home/pontus-akerman/Desktop/ADCS-project/ADCS_Project/Unity Assets/Unity-Ros-ADCS
-cloneFromTemplate
/home/pontus-akerman/Unity/Hub/Editor/6000.6.3f1/Editor/Data/Resources/PackageManager/ProjectTemplates/com.unity.template.urp-blank-17.2.1.tgz
-cloudOrganization
9072454973536
-cloudProject
6708c1f2-a011-4701-9d68-cacbe00d2716
-cloudEnvironment
production
-useHub
-hubIPC
-hubSessionId
f228c0dd-cb78-4b26-9b3f-0d90e5c9e8bd
-accessToken
ypS6E9ycYaBE-E0_95GHl73_Vw_siIzxOYheIRitFsA008f
/home/pontus-akerman/Desktop/ADCS-project/ADCS_Project/Unity Assets/Unity-Ros-ADCS
[UnityMemory] Configuration Parameters - Can be set up in boot.config
    "memorysetup-temp-allocator-size-gi-baking-worker=262144"
    "memorysetup-temp-allocator-size-gi-baking-worker=262144"
    "memorysetup-temp-allocator-size-gi-baking-worker=262144"
    "memorysetup-temp-allocator-size-gi-baking-worker=262144"
    "memorysetup-temp-allocator-size-gi-baking-worker=262144"
    "memorysetup-temp-allocator-size-nav-mesh-worker=65536"
    "memorysetup-temp-allocator-size-audio-worker=65536"
    "memorysetup-temp-allocator-size-cloud-worker=32768"
    "memorysetup-temp-allocator-size-preload-manager=33554432"
    "memorysetup-remapper-allocator-initial-capacity=32768"
    "memorysetup-temp-allocator-size-gfx=262144"
    "memorysetup-allocator-temp-initial-block-size-main=262144"
    "memorysetup-allocator-temp-initial-block-size-worker=262144"
    "memorysetup-temp-allocator-size-background-worker=32768"
    "memorysetup-temp-allocator-size-job-worker=262144"
    "memorysetup-bucket-allocator-granularity=16"
    "memorysetup-bucket-allocator-bucket-count=8"
    "memorysetup-bucket-allocator-block-size=33554432"
    "memorysetup-bucket-allocator-block-count=8"
    "memorysetup-main-allocator-block-size=16777216"
    "memorysetup-thread-allocator-block-size=16777216"
    "memorysetup-main-allocator-mimalloc-enabled=1"
    "memorysetup-gfx-main-allocator-block-size=16777216"
    "memorysetup-gfx-thread-allocator-block-size=16777216"
    "memorysetup-cache-allocator-block-size=4194304"
    "memorysetup-typetree-allocator-block-size=2097152"
    "memorysetup-profiler-bucket-allocator-granularity=16"
    "memorysetup-profiler-bucket-allocator-bucket-count=8"
    "memorysetup-profiler-bucket-allocator-block-size=33554432"
    "memorysetup-profiler-bucket-allocator-block-count=8"
    "memorysetup-profiler-allocator-block-size=16777216"
    "memorysetup-profiler-editor-allocator-block-size=1048576"
    "memorysetup-temp-allocator-size-main=16777216"
    "memorysetup-job-temp-allocator-block-size=2097152"
    "memorysetup-job-temp-allocator-block-size-background=1048576"
    "memorysetup-job-temp-allocator-reduction-small-platforms=262144"
Player connection [126521657371072]  Target information:

Player connection [126521657371072]  * "[IP] 192.168.0.112 [Port] 55504 [Flags] 2 [Guid] 413209257 [EditorId] 413209257 [Version] 1048832 [Id] LinuxEditor(16,192.168.0.112) [Debug] 1 [PackageName] LinuxEditor [ProjectName] Editor" 

Player connection [126521657371072] Host joined multi-casting on [225.0.0.222:54997]...
Player connection [126521657371072] Host joined alternative multi-casting on [225.0.0.222:34997]...
Input System module state changed to: Initialized.
[Physics::Module] Initialized fallback backend.
[Physics::Module] Id: 0xdecafbad
Initialising UDS system complete:
  - System type: Client
  - Resource namespace: 5408522200de023f3cb41a8b15ff7fb1
  - Shared memory size: 1073741824
  - Command buffer id: 1052624
  - Command buffer size: 8192
  - Hashmap size: 4194304
  - Service connected: false
[Package Manager] Connected to IPC stream "Upm-440182" after 0.0 seconds.
[Licensing::Client] Successfully resolved entitlement details
Library Redirect Path: Library/
Launching Unity Data Store - /home/pontus-akerman/Unity/Hub/Editor/6000.6.3f1/Editor/Data/Tools/Unity.DataStore 
Unity Data Store artifact dir = Library/DataStore, working dir = /home/pontus-akerman/Desktop/ADCS-project/ADCS_Project/Unity Assets/Unity-Ros-ADCSUnity Data Store running and initialised
[Physics::Module] Selected backend (deferred post-plugins).
[Physics::Module] Name: PhysX
[Physics::Module] Id: 0xf2b8ea05
[Physics::Module] SDK Version: 4.1.2
[Physics::Module] Integration Version: 1.0.0
[Physics::Module] Threading Mode: Multi-Threaded
Initialize engine version: 6000.6.3f1 (45d8eee7de74)
[EntityIdStore] init: VM path (explicit commit), pageSize=4096, blockCount=1048576, entitiesPerBlock=256, slots reserved=4294967296 bytes
[Subsystems] Discovering subsystems at path /home/pontus-akerman/Unity/Hub/Editor/6000.6.3f1/Editor/Data/Resources/UnitySubsystems
[Subsystems] Discovering subsystems at path /home/pontus-akerman/Desktop/ADCS-project/ADCS_Project/Unity Assets/Unity-Ros-ADCS/Assets
kGfxThreadingModeSplitJobs is not supported on OpenGL Core. Reverting to kGfxThreadingModeDirect instead.
GfxDevice: creating device client; kGfxThreadingModeDirect
GLX Extensions: GLX_ARB_context_flush_control GLX_ARB_create_context GLX_ARB_create_context_no_error GLX_ARB_create_context_profile GLX_ARB_create_context_robustness GLX_ARB_fbconfig_float GLX_ARB_framebuffer_sRGB GLX_ARB_get_proc_address GLX_ARB_multisample GLX_EXT_buffer_age GLX_EXT_create_context_es2_profile GLX_EXT_create_context_es_profile GLX_EXT_fbconfig_packed_float GLX_EXT_framebuffer_sRGB GLX_EXT_no_config_context GLX_EXT_swap_control GLX_EXT_swap_control_tear GLX_EXT_texture_from_pixmap GLX_EXT_visual_info GLX_EXT_visual_rating GLX_INTEL_swap_event GLX_MESA_copy_sub_buffer GLX_MESA_gl_interop GLX_MESA_query_renderer GLX_MESA_swap_control GLX_OML_sync_control GLX_SGIS_multisample GLX_SGIX_fbconfig GLX_SGIX_pbuffer GLX_SGIX_visual_select_group GLX_SGI_make_current_read GLX_SGI_swap_control GLX_SGI_video_sync 
Renderer: AMD Radeon Graphics (radeonsi, renoir, ACO, DRM 3.64, 7.0.0-34-generic)
Vendor:   AMD
Version:  4.6 (Core Profile) Mesa 25.2.8-0ubuntu0.24.04.2
GLES:     0
 GL_AMD_conservative_depth GL_AMD_depth_clamp_separate GL_AMD_draw_buffers_blend GL_AMD_framebuffer_multisample_advanced GL_AMD_gpu_shader_int64 GL_AMD_multi_draw_indirect GL_AMD_performance_monitor GL_AMD_pinned_memory GL_AMD_query_buffer_object GL_AMD_seamless_cubemap_per_texture GL_AMD_shader_stencil_export GL_AMD_shader_trinary_minmax GL_AMD_texture_texture4 GL_AMD_vertex_shader_layer GL_AMD_vertex_shader_viewport_index GL_ANGLE_texture_compression_dxt3 GL_ANGLE_texture_compression_dxt5 GL_ARB_ES2_compatibility GL_ARB_ES3_1_compatibility GL_ARB_ES3_2_compatibility GL_ARB_ES3_compatibility GL_ARB_arrays_of_arrays GL_ARB_base_instance GL_ARB_bindless_texture GL_ARB_blend_func_extended GL_ARB_buffer_storage GL_ARB_clear_buffer_object GL_ARB_clear_texture GL_ARB_clip_control GL_ARB_color_buffer_float GL_ARB_compressed_texture_pixel_storage GL_ARB_compute_shader GL_ARB_compute_variable_group_size GL_ARB_conditional_render_inverted GL_ARB_conservative_depth GL_ARB_copy_buffer GL_ARB_copy_image GL_ARB_cull_dist
ance GL_ARB_debug_output GL_ARB_depth_buffer_float GL_ARB_depth_clamp GL_ARB_derivative_control GL_ARB_direct_state_access GL_ARB_draw_buffers GL_ARB_draw_buffers_blend GL_ARB_draw_elements_base_vertex GL_ARB_draw_indirect GL_ARB_draw_instanced GL_ARB_enhanced_layouts GL_ARB_explicit_attrib_location GL_ARB_explicit_uniform_location GL_ARB_fragment_coord_conventions GL_ARB_fragment_layer_viewport GL_ARB_fragment_shader GL_ARB_framebuffer_no_attachments GL_ARB_framebuffer_object GL_ARB_framebuffer_sRGB GL_ARB_get_program_binary GL_ARB_get_texture_sub_image GL_ARB_gl_spirv GL_ARB_gpu_shader5 GL_ARB_gpu_shader_fp64 GL_ARB_gpu_shader_int64 GL_ARB_half_float_pixel GL_ARB_half_float_vertex GL_ARB_indirect_parameters GL_ARB_instanced_arrays GL_ARB_internalformat_query GL_ARB_internalformat_query2 GL_ARB_invalidate_subdata GL_ARB_map_buffer_alignment GL_ARB_map_buffer_range GL_ARB_multi_bind GL_ARB_multi_draw_indirect GL_ARB_occlusion_query2 GL_ARB_parallel_shader_compile GL_ARB_pipeline_statistics_query GL_ARB_pixel
_buffer_object GL_ARB_point_sprite GL_ARB_polygon_offset_clamp GL_ARB_program_interface_query GL_ARB_provoking_vertex GL_ARB_query_buffer_object GL_ARB_robust_buffer_access_behavior GL_ARB_robustness GL_ARB_sample_shading GL_ARB_sampler_objects GL_ARB_seamless_cube_map GL_ARB_seamless_cubemap_per_texture GL_ARB_separate_shader_objects GL_ARB_shader_atomic_counter_ops GL_ARB_shader_atomic_counters GL_ARB_shader_ballot GL_ARB_shader_bit_encoding GL_ARB_shader_clock GL_ARB_shader_draw_parameters GL_ARB_shader_group_vote GL_ARB_shader_image_load_store GL_ARB_shader_image_size GL_ARB_shader_objects GL_ARB_shader_precision GL_ARB_shader_stencil_export GL_ARB_shader_storage_buffer_object GL_ARB_shader_subroutine GL_ARB_shader_texture_image_samples GL_ARB_shader_texture_lod GL_ARB_shader_viewport_layer_array GL_ARB_shading_language_420pack GL_ARB_shading_language_include GL_ARB_shading_language_packing GL_ARB_sparse_buffer GL_ARB_sparse_texture GL_ARB_sparse_texture2 GL_ARB_sparse_texture_clamp GL_ARB_spirv_extensio
ns GL_ARB_stencil_texturing GL_ARB_sync GL_ARB_tessellation_shader GL_ARB_texture_barrier GL_ARB_texture_border_clamp GL_ARB_texture_buffer_object GL_ARB_texture_buffer_object_rgb32 GL_ARB_texture_buffer_range GL_ARB_texture_compression_bptc GL_ARB_texture_compression_rgtc GL_ARB_texture_cube_map_array GL_ARB_texture_filter_anisotropic GL_ARB_texture_filter_minmax GL_ARB_texture_float GL_ARB_texture_gather GL_ARB_texture_mirror_clamp_to_edge GL_ARB_texture_multisample GL_ARB_texture_non_power_of_two GL_ARB_texture_query_levels GL_ARB_texture_query_lod GL_ARB_texture_rectangle GL_ARB_texture_rg GL_ARB_texture_rgb10_a2ui GL_ARB_texture_stencil8 GL_ARB_texture_storage GL_ARB_texture_storage_multisample GL_ARB_texture_swizzle GL_ARB_texture_view GL_ARB_timer_query GL_ARB_transform_feedback2 GL_ARB_transform_feedback3 GL_ARB_transform_feedback_instanced GL_ARB_transform_feedback_overflow_query GL_ARB_uniform_buffer_object GL_ARB_vertex_array_bgra GL_ARB_vertex_array_object GL_ARB_vertex_attrib_64bit GL_ARB_vertex
_attrib_binding GL_ARB_vertex_buffer_object GL_ARB_vertex_shader GL_ARB_vertex_type_10f_11f_11f_rev GL_ARB_vertex_type_2_10_10_10_rev GL_ARB_viewport_array GL_ATI_blend_equation_separate GL_ATI_meminfo GL_ATI_texture_float GL_ATI_texture_mirror_once GL_EXT_EGL_image_storage GL_EXT_EGL_image_storage_compression GL_EXT_EGL_sync GL_EXT_abgr GL_EXT_blend_equation_separate GL_EXT_debug_label GL_EXT_demote_to_helper_invocation GL_EXT_depth_bounds_test GL_EXT_draw_buffers2 GL_EXT_draw_instanced GL_EXT_framebuffer_blit GL_EXT_framebuffer_multisample GL_EXT_framebuffer_multisample_blit_scaled GL_EXT_framebuffer_object GL_EXT_framebuffer_sRGB GL_EXT_memory_object GL_EXT_memory_object_fd GL_EXT_packed_depth_stencil GL_EXT_packed_float GL_EXT_pixel_buffer_object GL_EXT_polygon_offset_clamp GL_EXT_provoking_vertex GL_EXT_semaphore GL_EXT_semaphore_fd GL_EXT_shader_clock GL_EXT_shader_image_load_formatted GL_EXT_shader_image_load_store GL_EXT_shader_integer_mix GL_EXT_shader_samples_identical GL_EXT_texture_array GL_EXT_t
exture_compression_dxt1 GL_EXT_texture_compression_rgtc GL_EXT_texture_compression_s3tc GL_EXT_texture_filter_anisotropic GL_EXT_texture_filter_minmax GL_EXT_texture_integer GL_EXT_texture_mirror_clamp GL_EXT_texture_sRGB GL_EXT_texture_sRGB_R8 GL_EXT_texture_sRGB_decode GL_EXT_texture_shadow_lod GL_EXT_texture_shared_exponent GL_EXT_texture_snorm GL_EXT_texture_storage GL_EXT_texture_swizzle GL_EXT_timer_query GL_EXT_transform_feedback GL_EXT_vertex_array_bgra GL_EXT_vertex_attrib_64bit GL_EXT_window_rectangles GL_IBM_multimode_draw_arrays GL_INTEL_blackhole_render GL_KHR_blend_equation_advanced GL_KHR_context_flush_control GL_KHR_debug GL_KHR_no_error GL_KHR_parallel_shader_compile GL_KHR_robust_buffer_access_behavior GL_KHR_robustness GL_KHR_shader_subgroup GL_KHR_texture_compression_astc_ldr GL_KHR_texture_compression_astc_sliced_3d GL_MESA_framebuffer_flip_y GL_MESA_pack_invert GL_MESA_shader_integer_functions GL_MESA_texture_const_bandwidth GL_MESA_texture_signed_rgba GL_NVX_gpu_memory_info GL_NV_alpha
_to_coverage_dither_control GL_NV_compute_shader_derivatives GL_NV_conditional_render GL_NV_copy_image GL_NV_depth_clamp GL_NV_packed_depth_stencil GL_NV_shader_atomic_int64 GL_NV_texture_barrier GL_NV_vdpau_interop GL_OES_EGL_image GL_S3_s3tc
OPENGL LOG: Creating OpenGL 4.6 graphics device ; Context level  <OpenGL 4.5> ; Context handle -1415413968
Initialize mono
Mono path[0] = '/home/pontus-akerman/Unity/Hub/Editor/6000.6.3f1/Editor/Data/Managed'
Mono path[1] = '/home/pontus-akerman/Unity/Hub/Editor/6000.6.3f1/Editor/Data/BCLExtensions/runtime/netstandard2.1'
Mono path[2] = '/home/pontus-akerman/Unity/Hub/Editor/6000.6.3f1/Editor/Data/MonoBleedingEdge/lib/mono/unityjit-linux'
Mono config path = '/home/pontus-akerman/Unity/Hub/Editor/6000.6.3f1/Editor/Data/MonoBleedingEdge/etc'
Using monoOptions --debugger-agent=transport=dt_socket,embedding=1,server=y,suspend=n,address=127.0.0.1:56182
CodeReloadManager initialized
ImportWorker Server TCP listen port: 0
AcceleratorClientConnectionCallback - disconnected - :0
Begin MonoManager ReloadAssembly
Registering precompiled unity dll's ...
Register platform support module: /home/pontus-akerman/Unity/Hub/Editor/6000.6.3f1/Editor/Data/PlaybackEngines/WebGLSupport/UnityEditor.WebGL.Extensions.dll
Register platform support module: /home/pontus-akerman/Unity/Hub/Editor/6000.6.3f1/Editor/Data/PlaybackEngines/LinuxStandaloneSupport/UnityEditor.LinuxStandalone.Extensions.dll
Registered in 0.003774 seconds.
Native extension for LinuxStandalone target not found
Native extension for WebGL target not found
Package Manager log level set to [2]
[Licensing::Client] Successfully resolved entitlement details
ScheduleIndexationOnStartup MainProcess:False IndexOnStartup:False
Scripting: successfully reloaded assembly
- Finished resetting the current domain, in  3.542 seconds
Domain Reload Profiling: 4370ms
	BeginReloadAssembly (180ms)
		CreateAndSetChildDomain (8ms)
	RebuildCommonClasses (7ms)
	RebuildNativeTypeToScriptingClass (21ms)
	initialDomainReloadingComplete (112ms)
	LoadAllAssembliesAndSetupDomain (506ms)
		LoadAssemblies (173ms)
		TypeCache.Refresh (312ms)
			TypeCache.ScanAssembly (290ms)
		AnalyzeDomain (1ms)
	FinalizeReload (3545ms)
		SetupLoadedEditorAssemblies (0ms)
			LogAssemblyErrors (3ms)
			InitializePlatformSupportModulesInManaged (4ms)
			BeforeProcessingInitializeOnLoad (194ms)
			ProcessInitializeOnLoadAttributes (194ms)
			ProcessInitializeOnLoadMethodAttributes (2787ms)
[Licensing::Client] Successfully resolved entitlement details
Application.AssetDatabase Initial Refresh Start
[Package Manager] Done resolving packages in 11.85 seconds
[Licensing::Client] Successfully resolved entitlement details
[Package Manager] Lock file was modified
[Package Manager] Registered 61 packages:
  Packages from [https://packages.unity.com]:
    com.unity.ai.navigation@2.0.14 (location: /home/pontus-akerman/Desktop/ADCS-project/ADCS_Project/Unity Assets/Unity-Ros-ADCS/Library/PackageCache/com.unity.ai.navigation@134dd6a3b97b)
    com.unity.collab-proxy@2.13.6 (location: /home/pontus-akerman/Desktop/ADCS-project/ADCS_Project/Unity Assets/Unity-Ros-ADCS/Library/PackageCache/com.unity.collab-proxy@4628d2ba6ea4)
    com.unity.ide.rider@3.0.38 (location: /home/pontus-akerman/Desktop/ADCS-project/ADCS_Project/Unity Assets/Unity-Ros-ADCS/Library/PackageCache/com.unity.ide.rider@1f60b3138684)
    com.unity.ide.visualstudio@2.0.26 (location: /home/pontus-akerman/Desktop/ADCS-project/ADCS_Project/Unity Assets/Unity-Ros-ADCS/Library/PackageCache/com.unity.ide.visualstudio@a99d56dec63f)
    com.unity.inputsystem@1.20.0 (location: /home/pontus-akerman/Desktop/ADCS-project/ADCS_Project/Unity Assets/Unity-Ros-ADCS/Library/PackageCache/com.unity.inputsystem@7a4e1a2a8194)
    com.unity.pipeline@0.8.0-exp.1 (location: /home/pontus-akerman/Desktop/ADCS-project/ADCS_Project/Unity Assets/Unity-Ros-ADCS/Library/PackageCache/com.unity.pipeline@62c08c808737)
    com.unity.visualscripting@1.9.12 (location: /home/pontus-akerman/Desktop/ADCS-project/ADCS_Project/Unity Assets/Unity-Ros-ADCS/Library/PackageCache/com.unity.visualscripting@4edfcc09512f)
    com.unity.nuget.mono-cecil@1.11.6 (location: /home/pontus-akerman/Desktop/ADCS-project/ADCS_Project/Unity Assets/Unity-Ros-ADCS/Library/PackageCache/com.unity.nuget.mono-cecil@ecb9724e46ff)
    com.unity.nuget.newtonsoft-json@3.2.2 (location: /home/pontus-akerman/Desktop/ADCS-project/ADCS_Project/Unity Assets/Unity-Ros-ADCS/Library/PackageCache/com.unity.nuget.newtonsoft-json@4dfd81071c64)
    com.unity.searcher@4.9.5 (location: /home/pontus-akerman/Desktop/ADCS-project/ADCS_Project/Unity Assets/Unity-Ros-ADCS/Library/PackageCache/com.unity.searcher@a463122f2c00)
    com.unity.profiling.core@1.0.3 (location: /home/pontus-akerman/Desktop/ADCS-project/ADCS_Project/Unity Assets/Unity-Ros-ADCS/Library/PackageCache/com.unity.profiling.core@8a49f7027d06)
  Built-in packages:
    com.unity.render-pipelines.universal@17.6.0 (location: /home/pontus-akerman/Desktop/ADCS-project/ADCS_Project/Unity Assets/Unity-Ros-ADCS/Library/PackageCache/com.unity.render-pipelines.universal@0ffb3d4f1461)
    com.unity.test-framework@1.8.0 (location: /home/pontus-akerman/Desktop/ADCS-project/ADCS_Project/Unity Assets/Unity-Ros-ADCS/Library/PackageCache/com.unity.test-framework@33f8a1e9aefd)
    com.unity.timeline@6.6.0 (location: /home/pontus-akerman/Desktop/ADCS-project/ADCS_Project/Unity Assets/Unity-Ros-ADCS/Library/PackageCache/com.unity.timeline@9cd41035b3ab)
    com.unity.ugui@2.6.0 (location: /home/pontus-akerman/Desktop/ADCS-project/ADCS_Project/Unity Assets/Unity-Ros-ADCS/Library/PackageCache/com.unity.ugui@88d0d51315d3)
    com.unity.modules.accessibility@1.0.0 (location: /home/pontus-akerman/Desktop/ADCS-project/ADCS_Project/Unity Assets/Unity-Ros-ADCS/Library/PackageCache/com.unity.modules.accessibility)
    com.unity.modules.adaptiveperformance@1.0.0 (location: /home/pontus-akerman/Desktop/ADCS-project/ADCS_Project/Unity Assets/Unity-Ros-ADCS/Library/PackageCache/com.unity.modules.adaptiveperformance)
    com.unity.modules.ai@1.0.0 (location: /home/pontus-akerman/Desktop/ADCS-project/ADCS_Project/Unity Assets/Unity-Ros-ADCS/Library/PackageCache/com.unity.modules.ai)
    com.unity.modules.androidjni@1.0.0 (location: /home/pontus-akerman/Desktop/ADCS-project/ADCS_Project/Unity Assets/Unity-Ros-ADCS/Library/PackageCache/com.unity.modules.androidjni)
    com.unity.modules.animation@1.0.0 (location: /home/pontus-akerman/Desktop/ADCS-project/ADCS_Project/Unity Assets/Unity-Ros-ADCS/Library/PackageCache/com.unity.modules.animation)
    com.unity.modules.assetbundle@1.0.0 (location: /home/pontus-akerman/Desktop/ADCS-project/ADCS_Project/Unity Assets/Unity-Ros-ADCS/Library/PackageCache/com.unity.modules.assetbundle)
    com.unity.modules.audio@1.0.0 (location: /home/pontus-akerman/Desktop/ADCS-project/ADCS_Project/Unity Assets/Unity-Ros-ADCS/Library/PackageCache/com.unity.modules.audio)
    com.unity.modules.cloth@1.0.0 (location: /home/pontus-akerman/Desktop/ADCS-project/ADCS_Project/Unity Assets/Unity-Ros-ADCS/Library/PackageCache/com.unity.modules.cloth)
    com.unity.modules.director@1.0.0 (location: /home/pontus-akerman/Desktop/ADCS-project/ADCS_Project/Unity Assets/Unity-Ros-ADCS/Library/PackageCache/com.unity.modules.director)
    com.unity.modules.imageconversion@1.0.0 (location: /home/pontus-akerman/Desktop/ADCS-project/ADCS_Project/Unity Assets/Unity-Ros-ADCS/Library/PackageCache/com.unity.modules.imageconversion)
    com.unity.modules.imgui@1.0.0 (location: /home/pontus-akerman/Desktop/ADCS-project/ADCS_Project/Unity Assets/Unity-Ros-ADCS/Library/PackageCache/com.unity.modules.imgui)
    com.unity.modules.jsonserialize@1.0.0 (location: /home/pontus-akerman/Desktop/ADCS-project/ADCS_Project/Unity Assets/Unity-Ros-ADCS/Library/PackageCache/com.unity.modules.jsonserialize)
    com.unity.modules.particlesystem@1.0.0 (location: /home/pontus-akerman/Desktop/ADCS-project/ADCS_Project/Unity Assets/Unity-Ros-ADCS/Library/PackageCache/com.unity.modules.particlesystem)
    com.unity.modules.physics@1.0.0 (location: /home/pontus-akerman/Desktop/ADCS-project/ADCS_Project/Unity Assets/Unity-Ros-ADCS/Library/PackageCache/com.unity.modules.physics)
    com.unity.modules.physics2d@1.0.0 (location: /home/pontus-akerman/Desktop/ADCS-project/ADCS_Project/Unity Assets/Unity-Ros-ADCS/Library/PackageCache/com.unity.modules.physics2d)
    com.unity.modules.physicscore2d@1.0.0 (location: /home/pontus-akerman/Desktop/ADCS-project/ADCS_Project/Unity Assets/Unity-Ros-ADCS/Library/PackageCache/com.unity.modules.physicscore2d)
    com.unity.modules.screencapture@1.0.0 (location: /home/pontus-akerman/Desktop/ADCS-project/ADCS_Project/Unity Assets/Unity-Ros-ADCS/Library/PackageCache/com.unity.modules.screencapture)
    com.unity.modules.terrain@1.0.0 (location: /home/pontus-akerman/Desktop/ADCS-project/ADCS_Project/Unity Assets/Unity-Ros-ADCS/Library/PackageCache/com.unity.modules.terrain)
    com.unity.modules.terrainphysics@1.0.0 (location: /home/pontus-akerman/Desktop/ADCS-project/ADCS_Project/Unity Assets/Unity-Ros-ADCS/Library/PackageCache/com.unity.modules.terrainphysics)
    com.unity.modules.tetgen@1.0.0 (location: /home/pontus-akerman/Desktop/ADCS-project/ADCS_Project/Unity Assets/Unity-Ros-ADCS/Library/PackageCache/com.unity.modules.tetgen)
    com.unity.modules.tilemap@1.0.0 (location: /home/pontus-akerman/Desktop/ADCS-project/ADCS_Project/Unity Assets/Unity-Ros-ADCS/Library/PackageCache/com.unity.modules.tilemap)
    com.unity.modules.timelinefoundation@1.0.0 (location: /home/pontus-akerman/Desktop/ADCS-project/ADCS_Project/Unity Assets/Unity-Ros-ADCS/Library/PackageCache/com.unity.modules.timelinefoundation)
    com.unity.modules.ui@1.0.0 (location: /home/pontus-akerman/Desktop/ADCS-project/ADCS_Project/Unity Assets/Unity-Ros-ADCS/Library/PackageCache/com.unity.modules.ui)
    com.unity.modules.uielements@1.0.0 (location: /home/pontus-akerman/Desktop/ADCS-project/ADCS_Project/Unity Assets/Unity-Ros-ADCS/Library/PackageCache/com.unity.modules.uielements)
    com.unity.modules.umbra@1.0.0 (location: /home/pontus-akerman/Desktop/ADCS-project/ADCS_Project/Unity Assets/Unity-Ros-ADCS/Library/PackageCache/com.unity.modules.umbra)
    com.unity.modules.unityanalytics@1.0.0 (location: /home/pontus-akerman/Desktop/ADCS-project/ADCS_Project/Unity Assets/Unity-Ros-ADCS/Library/PackageCache/com.unity.modules.unityanalytics)
    com.unity.modules.unitywebrequest@1.0.0 (location: /home/pontus-akerman/Desktop/ADCS-project/ADCS_Project/Unity Assets/Unity-Ros-ADCS/Library/PackageCache/com.unity.modules.unitywebrequest)
    com.unity.modules.unitywebrequestassetbundle@1.0.0 (location: /home/pontus-akerman/Desktop/ADCS-project/ADCS_Project/Unity Assets/Unity-Ros-ADCS/Library/PackageCache/com.unity.modules.unitywebrequestassetbundle)
    com.unity.modules.unitywebrequestaudio@1.0.0 (location: /home/pontus-akerman/Desktop/ADCS-project/ADCS_Project/Unity Assets/Unity-Ros-ADCS/Library/PackageCache/com.unity.modules.unitywebrequestaudio)
    com.unity.modules.unitywebrequesttexture@1.0.0 (location: /home/pontus-akerman/Desktop/ADCS-project/ADCS_Project/Unity Assets/Unity-Ros-ADCS/Library/PackageCache/com.unity.modules.unitywebrequesttexture)
    com.unity.modules.unitywebrequestwww@1.0.0 (location: /home/pontus-akerman/Desktop/ADCS-project/ADCS_Project/Unity Assets/Unity-Ros-ADCS/Library/PackageCache/com.unity.modules.unitywebrequestwww)
    com.unity.modules.vectorgraphics@1.0.0 (location: /home/pontus-akerman/Desktop/ADCS-project/ADCS_Project/Unity Assets/Unity-Ros-ADCS/Library/PackageCache/com.unity.modules.vectorgraphics)
    com.unity.modules.vehicles@1.0.0 (location: /home/pontus-akerman/Desktop/ADCS-project/ADCS_Project/Unity Assets/Unity-Ros-ADCS/Library/PackageCache/com.unity.modules.vehicles)
    com.unity.modules.video@1.0.0 (location: /home/pontus-akerman/Desktop/ADCS-project/ADCS_Project/Unity Assets/Unity-Ros-ADCS/Library/PackageCache/com.unity.modules.video)
    com.unity.modules.wind@1.0.0 (location: /home/pontus-akerman/Desktop/ADCS-project/ADCS_Project/Unity Assets/Unity-Ros-ADCS/Library/PackageCache/com.unity.modules.wind)
    com.unity.modules.xr@1.0.0 (location: /home/pontus-akerman/Desktop/ADCS-project/ADCS_Project/Unity Assets/Unity-Ros-ADCS/Library/PackageCache/com.unity.modules.xr)
    com.unity.modules.subsystems@1.0.0 (location: /home/pontus-akerman/Desktop/ADCS-project/ADCS_Project/Unity Assets/Unity-Ros-ADCS/Library/PackageCache/com.unity.modules.subsystems)
    com.unity.modules.hierarchycore@1.0.0 (location: /home/pontus-akerman/Desktop/ADCS-project/ADCS_Project/Unity Assets/Unity-Ros-ADCS/Library/PackageCache/com.unity.modules.hierarchycore)
    com.unity.ext.nunit@2.1.0 (location: /home/pontus-akerman/Desktop/ADCS-project/ADCS_Project/Unity Assets/Unity-Ros-ADCS/Library/PackageCache/com.unity.ext.nunit@508b95ff9afe)
    com.unity.render-pipelines.core@17.6.0 (location: /home/pontus-akerman/Desktop/ADCS-project/ADCS_Project/Unity Assets/Unity-Ros-ADCS/Library/PackageCache/com.unity.render-pipelines.core@2862bc571443)
    com.unity.shadergraph@17.6.0 (location: /home/pontus-akerman/Desktop/ADCS-project/ADCS_Project/Unity Assets/Unity-Ros-ADCS/Library/PackageCache/com.unity.shadergraph@48089545eeac)
    com.unity.render-pipelines.universal-config@17.6.0 (location: /home/pontus-akerman/Desktop/ADCS-project/ADCS_Project/Unity Assets/Unity-Ros-ADCS/Library/PackageCache/com.unity.render-pipelines.universal-config@b1357eef5cd3)
    com.unity.graph-authoring@1.0.0 (location: /home/pontus-akerman/Desktop/ADCS-project/ADCS_Project/Unity Assets/Unity-Ros-ADCS/Library/PackageCache/com.unity.graph-authoring@f8926ccf2c8f)
    com.unity.burst@2.0.0 (location: /home/pontus-akerman/Desktop/ADCS-project/ADCS_Project/Unity Assets/Unity-Ros-ADCS/Library/PackageCache/com.unity.burst@c3ed5b778d56)
    com.unity.collections@6.6.0 (location: /home/pontus-akerman/Desktop/ADCS-project/ADCS_Project/Unity Assets/Unity-Ros-ADCS/Library/PackageCache/com.unity.collections@431b1d558060)
    com.unity.test-framework.performance@6.6.0 (location: /home/pontus-akerman/Desktop/ADCS-project/ADCS_Project/Unity Assets/Unity-Ros-ADCS/Library/PackageCache/com.unity.test-framework.performance@530c2523cea5)
[Subsystems] No new subsystems found in resolved package list.
[Package Manager] Done registering packages in 0.00 seconds
AcceleratorClientConnectionCallback - disconnected - :0
[API Updater] Processing imported assemblies took 257 ms (0/0 assembly(ies)).
Assembly Updater Post Process Assets time: 0.261964s
[ScriptCompilation] Requested script compilation because: Assembly Definition File(s) changed
[ScriptCompilation] Requested script compilation because: AssetDatabase observed changes in script compilation related files
Starting: /home/pontus-akerman/Unity/Hub/Editor/6000.6.3f1/Editor/Data/Tools/BuildPipeline/bee_backend --ipc --defer-dag-verification --dagfile="Library/Bee/2400b0aE.dag" --continue-on-failure --profile="Library/Bee/backend1.traceevents" ScriptAssemblies
WorkingDir: /home/pontus-akerman/Desktop/ADCS-project/ADCS_Project/Unity Assets/Unity-Ros-ADCS
ExitCode: 4 Duration: 0s77ms
[             ] Require frontend run.  Library/Bee/2400b0aE.dag couldn't be loaded
Starting: /home/pontus-akerman/Unity/Hub/Editor/6000.6.3f1/Editor/Data/DotNetSdk/dotnet "/home/pontus-akerman/Unity/Hub/Editor/6000.6.3f1/Editor/Data/Tools/BuildPipeline/ScriptCompilationBuildProgram.exe" "Library/Bee/2400b0aE.dag.json" "Library/Bee/2400b0aE-inputdata.json" "Library/Bee/buildprogram0.traceevents"
WorkingDir: /home/pontus-akerman/Desktop/ADCS-project/ADCS_Project/Unity Assets/Unity-Ros-ADCS
ExitCode: 0 Duration: 2s405ms
Starting: /home/pontus-akerman/Unity/Hub/Editor/6000.6.3f1/Editor/Data/Tools/BuildPipeline/bee_backend --ipc --defer-dag-verification --dagfile="Library/Bee/2400b0aE.dag" --continue-on-failure --dagfilejson="Library/Bee/2400b0aE.dag.json" --profile="Library/Bee/backend2.traceevents" ScriptAssemblies
WorkingDir: /home/pontus-akerman/Desktop/ADCS-project/ADCS_Project/Unity Assets/Unity-Ros-ADCS
warn: Unity.ILPP.Runner.PostProcessingAssemblyLoadContext[0]
      Assembly system.runtime.interopservices.windowsruntime has duplicate hint path. Ignoring "/home/pontus-akerman/Unity/Hub/Editor/6000.6.3f1/Editor/Data/NetStandard/Extensions/2.0.0/System.Runtime.InteropServices.WindowsRuntime.dll" in favor of "/home/pontus-akerman/Unity/Hub/Editor/6000.6.3f1/Editor/Data/UnityReferenceAssemblies/unity-4.8-api/Facades/System.Runtime.InteropServices.WindowsRuntime.dll"
warn: Unity.ILPP.Runner.PostProcessingAssemblyLoadContext[0]
      Assembly system.componentmodel.composition has duplicate hint path. Ignoring "/home/pontus-akerman/Unity/Hub/Editor/6000.6.3f1/Editor/Data/NetStandard/compat/2.1.0/shims/netfx/System.ComponentModel.Composition.dll" in favor of "/home/pontus-akerman/Unity/Hub/Editor/6000.6.3f1/Editor/Data/UnityReferenceAssemblies/unity-4.8-api/System.ComponentModel.Composition.dll"
ExitCode: 0 Duration: 43s
Finished compiling graph: 954 nodes, 20221 flattened edges (17111 ToBuild, 158 ToUse), maximum node priority 1059
[  1/951    0s] WriteText Library/Bee/artifacts/2400b0aE.dag/UnityEngine.TestRunner.rsp2
[  2/951    0s] WriteText Library/Bee/artifacts/2400b0aE.dag/UnityEngine.TestRunner.UnityAdditionalFile.txt
[  3/951    0s] MovedFromExtractor Library/Bee/artifacts/mvdfrm/UnityEngine.LocalizationModule.dll_B7428BC416C5DD91.mvfrm
[  4/951    0s] MovedFromExtractor Library/Bee/artifacts/mvdfrm/UnityEngine.IdentifiersModule.dll_B1602003ED27F1D6.mvfrm
[  5/951    0s] MovedFromExtractor Library/Bee/artifacts/mvdfrm/UnityEngine.InputModule.dll_1797ABC701957C26.mvfrm
[  6/951    0s] MovedFromExtractor Library/Bee/artifacts/mvdfrm/UnityEngine.PhysicsCore2DModule.dll_1E63E5A2461BDB54.mvfrm
[  7/951    0s] MovedFromExtractor Library/Bee/artifacts/mvdfrm/UnityEngine.PhysicsBackendPhysXModule.dll_D86F2FB1D86C33B5.mvfrm
[  8/951    0s] MovedFromExtractor Library/Bee/artifacts/mvdfrm/UnityEngine.JSONSerializeModule.dll_90B79732E6B246F4.mvfrm
[  9/951    0s] MovedFromExtractor Library/Bee/artifacts/mvdfrm/UnityEngine.PerformanceReportingModule.dll_2E0BF7B86A22E206.mvfrm
[ 10/951    0s] MovedFromExtractor Library/Bee/artifacts/mvdfrm/UnityEngine.MultiplayerModule.dll_587EB49AE376B136.mvfrm
[ 11/951    0s] MovedFromExtractor Library/Bee/artifacts/mvdfrm/UnityEngine.IMGUIModule.dll_E981837D518EEB63.mvfrm
[ 12/951    0s] MovedFromExtractor Library/Bee/artifacts/mvdfrm/UnityEngine.ParticleSystemModule.dll_D19DB3C74F7697CD.mvfrm
[ 13/951    0s] MovedFromExtractor Library/Bee/artifacts/mvdfrm/UnityEngine.ImageConversionModule.dll_2C8B4319BAAB66DD.mvfrm
[ 14/951    0s] MovedFromExtractor Library/Bee/artifacts/mvdfrm/UnityEngine.MathematicsModule.dll_FDEB45E79F271AF2.mvfrm
[ 15/951    0s] MovedFromExtractor Library/Bee/artifacts/mvdfrm/UnityEngine.MarshallingModule.dll_813F36A30ED75110.mvfrm
[ 16/951    0s] MovedFromExtractor Library/Bee/artifacts/mvdfrm/UnityEngine.InputForUIModule.dll_1EFE01B8ADBEA95B.mvfrm
[ 17/951    0s] MovedFromExtractor Library/Bee/artifacts/mvdfrm/UnityEngine.InputLegacyModule.dll_6A1BB32CC2A0D9AF.mvfrm
[ 18/951    0s] MovedFromExtractor Library/Bee/artifacts/mvdfrm/UnityEngine.Physics2DModule.dll_93AAB564D4421225.mvfrm
[ 19/951    0s] MovedFromExtractor Library/Bee/artifacts/mvdfrm/UnityEngine.ManagedKernelModule.dll_5356467BD6AC1578.mvfrm
[ 20/951    0s] MovedFromExtractor Library/Bee/artifacts/mvdfrm/UnityEngine.DSPGraphModule.dll_F5C77AC35B5A3F45.mvfrm
[ 21/951    0s] MovedFromExtractor Library/Bee/artifacts/mvdfrm/UnityEngine.PhysicsModule.dll_048F5A80D635E693.mvfrm
[ 22/951    0s] MovedFromExtractor Library/Bee/artifacts/mvdfrm/UnityEngine.PropertiesModule.dll_4986E6DDC08970DB.mvfrm
[ 23/951    0s] MovedFromExtractor Library/Bee/artifacts/mvdfrm/UnityEngine.AndroidJNIModule.dll_F1FE5D84875D1BAE.mvfrm
[ 24/951    0s] MovedFromExtractor Library/Bee/artifacts/mvdfrm/UnityEngine.BurstModule.dll_1A19D56EB2B36F6C.mvfrm
[ 25/951    0s] MovedFromExtractor Library/Bee/artifacts/mvdfrm/UnityEngine.DirectorModule.dll_F0761959E8F96E24.mvfrm
[ 26/951    0s] MovedFromExtractor Library/Bee/artifacts/mvdfrm/UnityEngine.CrashReportingModule.dll_7E8B6A7AE1650C3F.mvfrm
[ 27/951    0s] MovedFromExtractor Library/Bee/artifacts/mvdfrm/UnityEngine.ClusterRendererModule.dll_C09945693886AEE9.mvfrm
[ 28/951    0s] MovedFromExtractor Library/Bee/artifacts/mvdfrm/UnityEngine.ClothModule.dll_180A4111657A3666.mvfrm
[ 29/951    0s] MovedFromExtractor Library/Bee/artifacts/mvdfrm/UnityEngine.AssetBundleModule.dll_D8D6980E2AAF23BE.mvfrm
[ 30/951    0s] MovedFromExtractor Library/Bee/artifacts/mvdfrm/UnityEngine.AudioModule.dll_B121E4168B5D5782.mvfrm
[ 31/951    0s] MovedFromExtractor Library/Bee/artifacts/mvdfrm/UnityEngine.HotReloadModule.dll_C84D837A0E783612.mvfrm
[ 32/951    0s] MovedFromExtractor Library/Bee/artifacts/mvdfrm/UnityEngine.ClusterInputModule.dll_78F5C1717F49EA98.mvfrm
[ 33/951    0s] MovedFromExtractor Library/Bee/artifacts/mvdfrm/UnityEngine.ContentLoadModule.dll_71ECF14EF931CBAB.mvfrm
[ 34/951    0s] MovedFromExtractor Library/Bee/artifacts/mvdfrm/UnityEngine.AnimationModule.dll_4704C57433451A90.mvfrm
[ 35/951    0s] MovedFromExtractor Library/Bee/artifacts/mvdfrm/UnityEngine.GIModule.dll_1FEE18E99AEE460A.mvfrm
[ 36/951    0s] MovedFromExtractor Library/Bee/artifacts/mvdfrm/UnityEngine.GridModule.dll_203E9405D8A5DC3E.mvfrm
[ 37/951    0s] MovedFromExtractor Library/Bee/artifacts/mvdfrm/UnityEngine.GraphicsStateCollectionSerializerModule.dll_A5306418AE6FDD12.mvfrm
[ 38/951    0s] MovedFromExtractor Library/Bee/artifacts/mvdfrm/UnityEngine.GameCenterModule.dll_1C4BA79F4D9E0C9F.mvfrm
[ 39/951    0s] MovedFromExtractor Library/Bee/artifacts/mvdfrm/UnityEngine.HierarchyCoreModule.dll_A7BAAAD156243F60.mvfrm
[ 40/951    0s] MovedFromExtractor Library/Bee/artifacts/mvdfrm/UnityEngine.RenderAs2DModule.dll_8ABEA9639FE3BB12.mvfrm
[ 41/951    0s] MovedFromExtractor Library/Bee/artifacts/mvdfrm/UnityEngine.CoreModule.dll_42CD7817C0514647.mvfrm
[ 42/951    0s] MovedFromExtractor Library/Bee/artifacts/mvdfrm/UnityEngine.dll_9171E2891D0EF09E.mvfrm
[ 43/951    0s] MovedFromExtractor Library/Bee/artifacts/mvdfrm/UnityEngine.VectorGraphicsModule.dll_68E4E9FBE17D0E16.mvfrm
[ 44/951    0s] MovedFromExtractor Library/Bee/artifacts/mvdfrm/UnityEngine.UIModule.dll_83256E095B86639C.mvfrm
[ 45/951    0s] MovedFromExtractor Library/Bee/artifacts/mvdfrm/UnityEngine.VideoModule.dll_D62B68814DEF7327.mvfrm
[ 46/951    0s] MovedFromExtractor Library/Bee/artifacts/mvdfrm/UnityEngine.WindModule.dll_B91C53405187C4B0.mvfrm
[ 47/951    0s] MovedFromExtractor Library/Bee/artifacts/mvdfrm/UnityEngine.RuntimeInitializeOnLoadManagerInitializerModule.dll_A3E9210C8CFF4CEE.mvfrm
[ 48/951    0s] MovedFromExtractor Library/Bee/artifacts/mvdfrm/UnityEngine.VehiclesModule.dll_683912D963233DBF.mvfrm
[ 49/951    0s] MovedFromExtractor Library/Bee/artifacts/mvdfrm/UnityEngine.XRModule.dll_08B65793867B3672.mvfrm
[ 50/951    0s] MovedFromExtractor Library/Bee/artifacts/mvdfrm/UnityEngine.VirtualTexturingModule.dll_FA3BE8820D74EE25.mvfrm
[ 51/951    0s] MovedFromExtractor Library/Bee/artifacts/mvdfrm/UnityEngine.VFXModule.dll_F3F2B57B5FB14414.mvfrm
[ 52/951    0s] MovedFromExtractor Library/Bee/artifacts/mvdfrm/UnityEngine.UnityWebRequestAudioModule.dll_A6084B96F08DAC9E.mvfrm
[ 53/951    0s] MovedFromExtractor Library/Bee/artifacts/mvdfrm/UnityEngine.UnityWebRequestModule.dll_3E2A4AC3C5A0015C.mvfrm
[ 54/951    0s] MovedFromExtractor Library/Bee/artifacts/mvdfrm/UnityEngine.UnityWebRequestTextureModule.dll_9441D423F3572233.mvfrm
[ 55/951    0s] MovedFromExtractor Library/Bee/artifacts/mvdfrm/UnityEngine.UnityConsentModule.dll_B85E6796D554AECD.mvfrm
[ 56/951    0s] MovedFromExtractor Library/Bee/artifacts/mvdfrm/UnityEngine.UnityCurlModule.dll_7A2166A5A3590C7D.mvfrm
[ 57/951    0s] MovedFromExtractor Library/Bee/artifacts/mvdfrm/UnityEngine.UnityConnectModule.dll_E6B8D06AC84A187D.mvfrm
[ 58/951    0s] MovedFromExtractor Library/Bee/artifacts/mvdfrm/UnityEngine.UnityWebRequestAssetBundleModule.dll_E74CBF94B65EBB5A.mvfrm
[ 59/951    0s] MovedFromExtractor Library/Bee/artifacts/mvdfrm/UnityEngine.UnityAnalyticsModule.dll_F13D2490FB9DE9C9.mvfrm
[ 60/951    0s] MovedFromExtractor Library/Bee/artifacts/mvdfrm/UnityEngine.UnityWebRequestWWWModule.dll_B9280740AF7FB16F.mvfrm
[ 61/951    0s] MovedFromExtractor Library/Bee/artifacts/mvdfrm/UnityEngine.ShaderVariantAnalyticsModule.dll_54FBF1D49F235DAE.mvfrm
[ 62/951    0s] MovedFromExtractor Library/Bee/artifacts/mvdfrm/UnityEngine.AdaptivePerformanceModule.dll_FE5B4824F5AFF0F6.mvfrm
[ 63/951    0s] MovedFromExtractor Library/Bee/artifacts/mvdfrm/UnityEngine.UnityAnalyticsCommonModule.dll_C94AB4FC840B8064.mvfrm
[ 64/951    0s] MovedFromExtractor Library/Bee/artifacts/mvdfrm/UnityEngine.ScriptingModule.dll_5E261E3AB2CCC943.mvfrm
[ 65/951    0s] MovedFromExtractor Library/Bee/artifacts/mvdfrm/UnityEngine.ScreenCaptureModule.dll_AA9F44B7FB1E7356.mvfrm
[ 66/951    0s] MovedFromExtractor Library/Bee/artifacts/mvdfrm/UnityEngine.SpriteMaskModule.dll_05781A2F6F0DA219.mvfrm
[ 67/951    0s] MovedFromExtractor Library/Bee/artifacts/mvdfrm/UnityEngine.SpriteShapeModule.dll_F237C568E0515BC8.mvfrm
[ 68/951    0s] MovedFromExtractor Library/Bee/artifacts/mvdfrm/UnityEngine.SubstanceModule.dll_D844C70DCE1FCFDC.mvfrm
[ 69/951    0s] MovedFromExtractor Library/Bee/artifacts/mvdfrm/UnityEngine.SubsystemsModule.dll_702580913D558A2C.mvfrm
[ 70/951    0s] MovedFromExtractor Library/Bee/artifacts/mvdfrm/UnityEngine.StreamingModule.dll_FB99B2C482CCD1CE.mvfrm
[ 71/951    0s] MovedFromExtractor Library/Bee/artifacts/mvdfrm/UnityEngine.TetgenModule.dll_A3414CA59BB60715.mvfrm
[ 72/951    0s] MovedFromExtractor Library/Bee/artifacts/mvdfrm/UnityEngine.TerrainPhysicsModule.dll_D2185C9A68B9925A.mvfrm
[ 73/951    0s] MovedFromExtractor Library/Bee/artifacts/mvdfrm/UnityEngine.TerrainModule.dll_1ED5D5EFABF42F81.mvfrm
[ 74/951    0s] MovedFromExtractor Library/Bee/artifacts/mvdfrm/UnityEngine.TextCoreFontEngineModule.dll_A67D8B73303C3BE5.mvfrm
[ 75/951    0s] MovedFromExtractor Library/Bee/artifacts/mvdfrm/UnityEngine.UIElementsModule.dll_7463E1F94081C623.mvfrm
[ 76/951    0s] MovedFromExtractor Library/Bee/artifacts/mvdfrm/UnityEngine.TilemapModule.dll_BDD23D70C3B1108A.mvfrm
[ 77/951    0s] MovedFromExtractor Library/Bee/artifacts/mvdfrm/UnityEngine.TextRenderingModule.dll_D3DEB6C2B255F34B.mvfrm
[ 78/951    0s] MovedFromExtractor Library/Bee/artifacts/mvdfrm/UnityEditor.GraphicsStateCollectionSerializerModule.dll_9C3C9728E17093AD.mvfrm
[ 79/951    0s] MovedFromExtractor Library/Bee/artifacts/mvdfrm/UnityEngine.TextCoreTextEngineModule.dll_EE65C1E4BFBFF503.mvfrm
[ 80/951    0s] MovedFromExtractor Library/Bee/artifacts/mvdfrm/UnityEngine.U2DRuntimeModule.dll_4101D1580DB10039.mvfrm
[ 81/951    0s] MovedFromExtractor Library/Bee/artifacts/mvdfrm/UnityEngine.TimelineFoundationModule.dll_A8C30A7FCA8EA11C.mvfrm
[ 82/951    0s] MovedFromExtractor Library/Bee/artifacts/mvdfrm/UnityEngine.TLSModule.dll_73141D0C8943DAA7.mvfrm
[ 83/951    0s] MovedFromExtractor Library/Bee/artifacts/mvdfrm/UnityEditor.GenericRemoteModule.dll_3A6071AAD0228C44.mvfrm
[ 84/951    0s] MovedFromExtractor Library/Bee/artifacts/mvdfrm/UnityEditor.GraphViewModule.dll_787F494B58E845EA.mvfrm
[ 85/951    0s] MovedFromExtractor Library/Bee/artifacts/mvdfrm/UnityEditor.GridAndSnapModule.dll_1396CA90F2D62F62.mvfrm
[ 86/951    0s] MovedFromExtractor Library/Bee/artifacts/mvdfrm/UnityEditor.GridModule.dll_FD1DC0B330A07113.mvfrm
[ 87/951    0s] MovedFromExtractor Library/Bee/artifacts/mvdfrm/UnityEditor.PropertiesModule.dll_48D87995BE455790.mvfrm
[ 88/951    0s] MovedFromExtractor Library/Bee/artifacts/mvdfrm/UnityEditor.MediaModule.dll_B6B54143D82CAF6B.mvfrm
[ 89/951    0s] MovedFromExtractor Library/Bee/artifacts/mvdfrm/UnityEditor.GraphToolkitModule.dll_19FC2390998D613D.mvfrm
[ 90/951    0s] MovedFromExtractor Library/Bee/artifacts/mvdfrm/UnityEditor.LightingModule.dll_EF66CE55B81A5FC9.mvfrm
[ 91/951    0s] MovedFromExtractor Library/Bee/artifacts/mvdfrm/UnityEditor.HierarchyModule.dll_65F3502716C784AC.mvfrm
[ 92/951    0s] MovedFromExtractor Library/Bee/artifacts/mvdfrm/UnityEditor.Physics2DModule.dll_DDC4C47BEEC26040.mvfrm
[ 93/951    0s] MovedFromExtractor Library/Bee/artifacts/mvdfrm/UnityEditor.MultiplayerModule.dll_52B8E50BD13CA0B1.mvfrm
[ 94/951    0s] MovedFromExtractor Library/Bee/artifacts/mvdfrm/UnityEditor.PresetsUIModule.dll_33E5822D5B409DEF.mvfrm
[ 95/951    0s] MovedFromExtractor Library/Bee/artifacts/mvdfrm/UnityEditor.PlayModeModule.dll_3B53489303F7A604.mvfrm
[ 96/951    0s] MovedFromExtractor Library/Bee/artifacts/mvdfrm/UnityEditor.PhysicsCore2DModule.dll_9222F37ACD23582F.mvfrm
[ 97/951    0s] MovedFromExtractor Library/Bee/artifacts/mvdfrm/UnityEditor.AIModule.dll_49433E4C93C22A25.mvfrm
[ 98/951    0s] MovedFromExtractor Library/Bee/artifacts/mvdfrm/UnityEngine.UmbraModule.dll_2BF6902F188402F5.mvfrm
[ 99/951    0s] MovedFromExtractor Library/Bee/artifacts/mvdfrm/UnityEditor.AccessibilityModule.dll_A45F1BCF6E7E6345.mvfrm
[100/951    0s] MovedFromExtractor Library/Bee/artifacts/mvdfrm/UnityEditor.PhysicsModule.dll_1214A1D67126FF4E.mvfrm
[101/951    0s] MovedFromExtractor Library/Bee/artifacts/mvdfrm/UnityEditor.ProjectAuditorModule.dll_612DFC918822C922.mvfrm
[102/951    0s] MovedFromExtractor Library/Bee/artifacts/mvdfrm/UnityEditor.MathematicsModule.dll_F82576588CED0A6D.mvfrm
[103/951    0s] MovedFromExtractor Library/Bee/artifacts/mvdfrm/UnityEditor.AdaptivePerformanceModule.dll_3DCBB36EBA6A9DF1.mvfrm
[104/951    0s] MovedFromExtractor Library/Bee/artifacts/mvdfrm/UnityEditor.AssetComplianceModule.dll_F3C792E643878592.mvfrm
[105/951    0s] MovedFromExtractor Library/Bee/artifacts/mvdfrm/UnityEditor.AnimationWindowModule.dll_565076CFFE59921B.mvfrm
[106/951    0s] MovedFromExtractor Library/Bee/artifacts/mvdfrm/UnityEditor.ClothModule.dll_51DD84AD33FD05C1.mvfrm
[107/951    0s] MovedFromExtractor Library/Bee/artifacts/mvdfrm/UnityEditor.GIModule.dll_E17F875A2F71123F.mvfrm
[108/951    0s] MovedFromExtractor Library/Bee/artifacts/mvdfrm/UnityEditor.ContentLoadModule.dll_6C2721BFE6F7BB26.mvfrm
[109/951    0s] MovedFromExtractor Library/Bee/artifacts/mvdfrm/UnityEditor.BuildAnalysisModule.dll_FCA8595210586B61.mvfrm
[110/951    0s] MovedFromExtractor Library/Bee/artifacts/mvdfrm/UnityEditor.BuildProfileModule.dll_FE1F3EE5A8DE32B8.mvfrm
[111/951    0s] MovedFromExtractor Library/Bee/artifacts/mvdfrm/UnityEditor.CoreBusinessMetricsModule.dll_BDB6ACE8E0B1CCEB.mvfrm
[112/951    0s] MovedFromExtractor Library/Bee/artifacts/mvdfrm/UnityEditor.DeviceSimulatorModule.dll_BAEC82F7C8CBA165.mvfrm
[113/951    0s] MovedFromExtractor Library/Bee/artifacts/mvdfrm/UnityEditor.EmbreeModule.dll_534154A14138FEE5.mvfrm
[114/951    0s] MovedFromExtractor Library/Bee/artifacts/mvdfrm/UnityEditor.BurstModule.dll_53ED190A81363EC7.mvfrm
[115/951    0s] MovedFromExtractor Library/Bee/artifacts/mvdfrm/UnityEditor.ShaderBuildSettingsModule.dll_45F1FA178D69CF33.mvfrm
[116/951    0s] MovedFromExtractor Library/Bee/artifacts/mvdfrm/UnityEditor.EditorToolbarModule.dll_DA5B31A1E8141495.mvfrm
[117/951    0s] MovedFromExtractor Library/Bee/artifacts/mvdfrm/UnityEditor.DiagnosticsModule.dll_09DDE40F6F717273.mvfrm
[118/951    0s] MovedFromExtractor Library/Bee/artifacts/mvdfrm/UnityEditor.CoreModule.dll_1FACA4C5184BDB1C.mvfrm
[119/951    0s] MovedFromExtractor Library/Bee/artifacts/mvdfrm/UnityEditor.ShaderPreprocessorModule.dll_4B0319C31B674FB1.mvfrm
[120/951    0s] MovedFromExtractor Library/Bee/artifacts/mvdfrm/UnityEditor.ShaderCompilationModule.dll_7AA6283CB5D6FEE5.mvfrm
[121/951    0s] MovedFromExtractor Library/Bee/artifacts/mvdfrm/UnityEditor.ShaderFoundryModule.dll_3CDA72A309B03B5B.mvfrm
[122/951    0s] MovedFromExtractor Library/Bee/artifacts/mvdfrm/UnityEditor.SpriteShapeModule.dll_EC71F5D9CE174B43.mvfrm
[123/951    0s] MovedFromExtractor Library/Bee/artifacts/mvdfrm/UnityEditor.SketchUpModule.dll_DD743C29B06032B4.mvfrm
[124/951    0s] MovedFromExtractor Library/Bee/artifacts/mvdfrm/UnityEditor.SyntaxTreeModule.dll_C1067329971572DE.mvfrm
[125/951    0s] MovedFromExtractor Library/Bee/artifacts/mvdfrm/UnityEditor.SpriteMaskModule.dll_04C9ACE76CC988CE.mvfrm
[126/951    0s] MovedFromExtractor Library/Bee/artifacts/mvdfrm/UnityEditor.SubstanceModule.dll_225ED624E8A01DF7.mvfrm
[127/951    0s] MovedFromExtractor Library/Bee/artifacts/mvdfrm/UnityEditor.TextCoreFontEngineModule.dll_281E10201D3E7D1A.mvfrm
[128/951    0s] MovedFromExtractor Library/Bee/artifacts/mvdfrm/UnityEditor.TextCoreTextEngineModule.dll_70064691ACC23638.mvfrm
[129/951    0s] MovedFromExtractor Library/Bee/artifacts/mvdfrm/UnityEditor.TerrainModule.dll_2C5B1D4546E5483C.mvfrm
[130/951    0s] MovedFromExtractor Library/Bee/artifacts/mvdfrm/UnityEditor.TextRenderingModule.dll_479DC49B395D7026.mvfrm
[131/951    0s] MovedFromExtractor Library/Bee/artifacts/mvdfrm/UnityEditor.SceneViewModule.dll_B72F2C534E0B12F8.mvfrm
[132/951    0s] MovedFromExtractor Library/Bee/artifacts/mvdfrm/UnityEditor.UIElementsModule.dll_73B574B13E3DACD8.mvfrm
[133/951    0s] MovedFromExtractor Library/Bee/artifacts/mvdfrm/UnityEditor.TimelineFoundationModule.dll_2A638F2CB790E251.mvfrm
[134/951    0s] MovedFromExtractor Library/Bee/artifacts/mvdfrm/UnityEditor.TilemapModule.dll_CB5784C65EA22945.mvfrm
[135/951    0s] MovedFromExtractor Library/Bee/artifacts/mvdfrm/UnityEditor.UIBuilderModule.dll_CD07F667CBA0BF1E.mvfrm
[136/951    0s] MovedFromExtractor Library/Bee/artifacts/mvdfrm/UnityEditor.U2DModule.dll_13A9BE0B259D966E.mvfrm
[137/951    0s] MovedFromExtractor Library/Bee/artifacts/mvdfrm/UnityEditor.UIAutomationModule.dll_AEC02DD64551FB78.mvfrm
[138/951    0s] MovedFromExtractor Library/Bee/artifacts/mvdfrm/UnityEditor.UIToolkitAuthoringModule.dll_5B74A4AD3BC500DA.mvfrm
[139/951    0s] MovedFromExtractor Library/Bee/artifacts/mvdfrm/UnityEditor.UIElementsSamplesModule.dll_6ED7C5C4D2D30A15.mvfrm
[140/951    0s] WriteText Library/Bee/artifacts/2400b0aE.dag/UnityEngine.UI.UnityAdditionalFile.txt
[141/951    0s] WriteText Library/Bee/artifacts/2400b0aE.dag/UnityEngine.UI.rsp2
[142/951    0s] WriteText Library/Bee/artifacts/2400b0aE.dag/UnityEngine.TestRunner.dll.mvfrm.rsp
[143/951    0s] WriteText Library/Bee/artifacts/2400b0aE.dag/UnityEngine.TestRunner.rsp
[144/951    0s] MovedFromExtractor Library/Bee/artifacts/mvdfrm/UnityEditor.VectorGraphicsModule.dll_ADC08860C5907A0B.mvfrm
[145/951    0s] MovedFromExtractor Library/Bee/artifacts/mvdfrm/UnityEditor.UmbraModule.dll_65C9D3CAE706D250.mvfrm
[146/951    0s] MovedFromExtractor Library/Bee/artifacts/mvdfrm/UnityEditor.VideoModule.dll_0FFEAC1D1C724282.mvfrm
[147/951    0s] MovedFromExtractor Library/Bee/artifacts/mvdfrm/UnityEditor.UnityConnectModule.dll_F9594C5BCDC217D2.mvfrm
[148/951    0s] MovedFromExtractor Library/Bee/artifacts/mvdfrm/UnityEditor.VFXModule.dll_E7D11327F001360F.mvfrm
[149/951    0s] MovedFromExtractor Library/Bee/artifacts/mvdfrm/Unity.Scripting.dll_D68815298DF623BC.mvfrm
[150/951    0s] MovedFromExtractor Library/Bee/artifacts/mvdfrm/UnityEditor.QuickInstallModule.dll_DCFE8D24EA64A0EB.mvfrm
[151/951    0s] MovedFromExtractor Library/Bee/artifacts/mvdfrm/UnityEditor.XRModule.dll_CA47C6041AFE02A7.mvfrm
[152/951    0s] MovedFromExtractor Library/Bee/artifacts/mvdfrm/UnityEditor.SafeModeModule.dll_F55F56D9652E969D.mvfrm
[153/951    0s] MovedFromExtractor Library/Bee/artifacts/mvdfrm/UnityEditor.QuickSearchModule.dll_94ED651CC8486ECC.mvfrm
[154/951    0s] MovedFromExtractor Library/Bee/artifacts/mvdfrm/UnityEditor.dll_5ECD9BB0BE9B63B9.mvfrm
[155/951    0s] MovedFromExtractor Library/Bee/artifacts/mvdfrm/UnityEngine.AIModule.dll_87B1CFDBFF3F5DF0.mvfrm
[156/951    0s] MovedFromExtractor Library/Bee/artifacts/mvdfrm/UnityEditor.TreeModule.dll_7D5899D3A011705B.mvfrm
[157/951    0s] MovedFromExtractor Library/Bee/artifacts/mvdfrm/UnityEditor.Graphs.dll_E555A8C97578494E.mvfrm
[158/951    0s] MovedFromExtractor Library/Bee/artifacts/mvdfrm/UnityEngine.AccessibilityModule.dll_30A00DF6E776E66A.mvfrm
[159/951    0s] WriteText Library/Bee/artifacts/2400b0aE.dag/UnityEditor.TestRunner.UnityAdditionalFile.txt
[160/951    0s] WriteText Library/Bee/artifacts/2400b0aE.dag/UnityEditor.TestRunner.rsp2
[161/951    0s] WriteText Library/Bee/artifacts/2400b0aE.dag/UnityEngine.UI.dll.mvfrm.rsp
[162/951    0s] WriteText Library/Bee/artifacts/2400b0aE.dag/UnityEngine.UI.rsp
[163/951    0s] MovedFromExtractor Library/Bee/artifacts/mvdfrm/UnityPipeline.System.Collections.Immutable.dll_DEFCA6973FF97670.mvfrm
[164/951    0s] MovedFromExtractor Library/Bee/artifacts/mvdfrm/UnityEditor.LinuxStandalone.Extensions.dll_EABE243B6FFC1C74.mvfrm
[165/951    0s] MovedFromExtractor Library/Bee/artifacts/mvdfrm/UnityPipeline.Microsoft.CodeAnalysis.dll_5F4BDF942A97412F.mvfrm
[166/951    0s] MovedFromExtractor Library/Bee/artifacts/mvdfrm/UnityEditor.WebGL.Extensions.dll_26662250F3515B54.mvfrm
[167/951    0s] MovedFromExtractor Library/Bee/artifacts/mvdfrm/UnityPipeline.System.Reflection.Metadata.dll_DAE5ECA7A533D579.mvfrm
[168/951    0s] WriteText Library/Bee/artifacts/2400b0aE.dag/UnityEditor.TestRunner.dll.mvfrm.rsp
[169/951    0s] WriteText Library/Bee/artifacts/2400b0aE.dag/UnityEditor.TestRunner.rsp
[170/951    0s] WriteText Library/Bee/artifacts/2400b0aE.dag/UnityEditor.UI.UnityAdditionalFile.txt
[171/951    0s] WriteText Library/Bee/artifacts/2400b0aE.dag/UnityEditor.UI.rsp2
[172/951    0s] WriteText Library/Bee/artifacts/2400b0aE.dag/UnityEditor.UI.dll.mvfrm.rsp
[173/951    0s] WriteText Library/Bee/artifacts/2400b0aE.dag/UnityEditor.UI.rsp
[174/951    0s] WriteText Library/Bee/artifacts/2400b0aE.dag/Unity.Burst.UnityAdditionalFile.txt
[175/951    0s] WriteText Library/Bee/artifacts/2400b0aE.dag/Unity.Burst.rsp2
[176/951    0s] WriteText Library/Bee/artifacts/2400b0aE.dag/Unity.Burst.dll.mvfrm.rsp
[177/951    0s] WriteText Library/Bee/artifacts/2400b0aE.dag/Unity.Burst.rsp
[178/951    0s] WriteText Library/Bee/artifacts/2400b0aE.dag/Unity.Collections.rsp2
[179/951    0s] WriteText Library/Bee/artifacts/2400b0aE.dag/Unity.Collections.UnityAdditionalFile.txt
[180/951    0s] WriteText Library/Bee/artifacts/2400b0aE.dag/Unity.Collections.dll.mvfrm.rsp
[181/951    0s] WriteText Library/Bee/artifacts/2400b0aE.dag/Unity.Collections.rsp
[182/951    0s] WriteText Library/Bee/artifacts/2400b0aE.dag/Unity.InputSystem.UnityAdditionalFile.txt
[183/951    0s] WriteText Library/Bee/artifacts/2400b0aE.dag/Unity.InputSystem.rsp2
[184/951    0s] WriteText Library/Bee/artifacts/2400b0aE.dag/Unity.InputSystem.dll.mvfrm.rsp
[185/951    0s] WriteText Library/Bee/artifacts/2400b0aE.dag/Unity.InputSystem.rsp
[186/951    0s] WriteText Library/Bee/artifacts/2400b0aE.dag/Unity.Pipeline.CodeGen.UnityAdditionalFile.txt
[187/951    0s] WriteText Library/Bee/artifacts/2400b0aE.dag/Unity.Pipeline.CodeGen.rsp2
[188/951    0s] WriteText Library/Bee/artifacts/2400b0aE.dag/Unity.Collections.CodeGen.rsp2
[189/951    0s] WriteText Library/Bee/artifacts/2400b0aE.dag/Unity.Collections.CodeGen.UnityAdditionalFile.txt
[190/951    0s] WriteText Library/Bee/artifacts/2400b0aE.dag/Unity.RenderPipelines.Core.Runtime.rsp2
[191/951    0s] WriteText Library/Bee/artifacts/2400b0aE.dag/Unity.RenderPipelines.Core.Runtime.UnityAdditionalFile.txt
[192/951    0s] WriteText Library/Bee/artifacts/2400b0aE.dag/Unity.UnifiedRayTracing.Runtime.rsp2
[193/951    0s] WriteText Library/Bee/artifacts/2400b0aE.dag/Unity.UnifiedRayTracing.Runtime.UnityAdditionalFile.txt
[194/951    0s] WriteText Library/Bee/artifacts/2400b0aE.dag/Unity.RenderPipelines.Core.Runtime.dll.mvfrm.rsp
[195/951    0s] WriteText Library/Bee/artifacts/2400b0aE.dag/Unity.RenderPipelines.Core.Runtime.rsp
[196/951    0s] MovedFromExtractor Library/Bee/artifacts/mvdfrm/UnityPipeline.Microsoft.CodeAnalysis.CSharp.dll_FCB5BF1965FBA7B2.mvfrm
[197/951    0s] WriteText Library/Bee/artifacts/2400b0aE.dag/Unity.UnifiedRayTracing.Runtime.dll.mvfrm.rsp
[198/951    0s] WriteText Library/Bee/artifacts/2400b0aE.dag/Unity.Collections.CodeGen.dll.mvfrm.rsp
[199/951    0s] WriteText Library/Bee/artifacts/2400b0aE.dag/Unity.Pipeline.CodeGen.dll.mvfrm.rsp
[200/951    0s] WriteText Library/Bee/artifacts/2400b0aE.dag/Unity.UnifiedRayTracing.Runtime.rsp
[201/951    0s] WriteText Library/Bee/artifacts/2400b0aE.dag/Unity.Pipeline.CodeGen.rsp
[202/951    0s] WriteText Library/Bee/artifacts/2400b0aE.dag/Unity.Collections.CodeGen.rsp
[203/951    0s] WriteText Library/Bee/artifacts/2400b0aE.dag/Unity.VisualScripting.Core.rsp2
[204/951    0s] WriteText Library/Bee/artifacts/2400b0aE.dag/Unity.VisualScripting.Core.UnityAdditionalFile.txt
[205/951    0s] WriteText Library/Bee/artifacts/2400b0aE.dag/Unity.PathTracing.Runtime.UnityAdditionalFile.txt
[206/951    0s] WriteText Library/Bee/artifacts/2400b0aE.dag/Unity.PathTracing.Runtime.rsp2
[207/951    0s] WriteText Library/Bee/artifacts/2400b0aE.dag/Unity.Profiling.Core.rsp2
[208/951    0s] WriteText Library/Bee/artifacts/2400b0aE.dag/Unity.Profiling.Core.UnityAdditionalFile.txt
[209/951    0s] WriteText Library/Bee/artifacts/2400b0aE.dag/Unity.VisualScripting.Core.dll.mvfrm.rsp
[210/951    0s] WriteText Library/Bee/artifacts/2400b0aE.dag/Unity.VisualScripting.Core.rsp
[211/951    0s] WriteText Library/Bee/artifacts/2400b0aE.dag/Unity.PathTracing.Runtime.dll.mvfrm.rsp
[212/951    0s] WriteText Library/Bee/artifacts/2400b0aE.dag/Unity.Profiling.Core.dll.mvfrm.rsp
[213/951    0s] WriteText Library/Bee/artifacts/2400b0aE.dag/Unity.PathTracing.Runtime.rsp
[214/951    0s] WriteText Library/Bee/artifacts/2400b0aE.dag/Unity.Profiling.Core.rsp
[215/951    0s] WriteText Library/Bee/artifacts/2400b0aE.dag/Unity.InternalAPIEngineBridge.RenderPipelines.Core.Runtime.Shared.UnityAdditionalFile.txt
[216/951    0s] WriteText Library/Bee/artifacts/2400b0aE.dag/Unity.InternalAPIEngineBridge.RenderPipelines.Core.Runtime.Shared.rsp2
[217/951    0s] WriteText Library/Bee/artifacts/2400b0aE.dag/Unity.RenderPipelines.GPUDriven.Runtime.rsp2
[218/951    0s] WriteText Library/Bee/artifacts/2400b0aE.dag/Unity.RenderPipelines.GPUDriven.Runtime.UnityAdditionalFile.txt
[219/951    0s] WriteText Library/Bee/artifacts/2400b0aE.dag/Unity.VisualScripting.Flow.UnityAdditionalFile.txt
[220/951    0s] WriteText Library/Bee/artifacts/2400b0aE.dag/Unity.VisualScripting.Flow.rsp2
[221/951    0s] WriteText Library/Bee/artifacts/2400b0aE.dag/Unity.InternalAPIEngineBridge.RenderPipelines.Core.Runtime.Shared.dll.mvfrm.rsp
[222/951    0s] MovedFromExtractor Library/Bee/artifacts/mvdfrm/UnityEditor.SceneTemplateModule.dll_FDFAA25FE700BECD.mvfrm
[223/951    0s] WriteText Library/Bee/artifacts/2400b0aE.dag/Unity.InternalAPIEngineBridge.RenderPipelines.Core.Runtime.Shared.rsp
[224/951    0s] WriteText Library/Bee/artifacts/2400b0aE.dag/Unity.InternalAPIEngineBridge.RenderPipelines.Core.Editor.rsp2
[225/951    0s] WriteText Library/Bee/artifacts/2400b0aE.dag/Unity.InternalAPIEngineBridge.RenderPipelines.Core.Editor.UnityAdditionalFile.txt
[226/951    0s] WriteText Library/Bee/artifacts/2400b0aE.dag/Unity.PathTracing.Editor.rsp2
[227/951    0s] WriteText Library/Bee/artifacts/2400b0aE.dag/Unity.PathTracing.Editor.UnityAdditionalFile.txt
[228/951    0s] WriteText Library/Bee/artifacts/2400b0aE.dag/Unity.RenderPipelines.Core.Runtime.Shared.rsp2
[229/951    0s] WriteText Library/Bee/artifacts/2400b0aE.dag/Unity.VisualScripting.Core.Editor.UnityAdditionalFile.txt
[230/951    0s] WriteText Library/Bee/artifacts/2400b0aE.dag/Unity.VisualScripting.Core.Editor.rsp2
[231/951    0s] WriteText Library/Bee/artifacts/2400b0aE.dag/Unity.RenderPipelines.Core.Runtime.Shared.UnityAdditionalFile.txt
[232/951    0s] WriteText Library/Bee/artifacts/2400b0aE.dag/Unity.RenderPipelines.GPUDriven.Runtime.dll.mvfrm.rsp
[233/951    0s] WriteText Library/Bee/artifacts/2400b0aE.dag/Unity.RenderPipeline.Universal.ShaderLibrary.UnityAdditionalFile.txt
[234/951    0s] WriteText Library/Bee/artifacts/2400b0aE.dag/Unity.RenderPipelines.GPUDriven.Runtime.rsp
[235/951    0s] WriteText Library/Bee/artifacts/2400b0aE.dag/Unity.RenderPipeline.Universal.ShaderLibrary.rsp2
[236/951    0s] WriteText Library/Bee/artifacts/2400b0aE.dag/Unity.SurfaceCache.Runtime.UnityAdditionalFile.txt
[237/951    0s] WriteText Library/Bee/artifacts/2400b0aE.dag/Unity.SurfaceCache.Runtime.rsp2
[238/951    0s] WriteText Library/Bee/artifacts/2400b0aE.dag/Unity.RenderPipelines.Universal.Config.Runtime.rsp2
[239/951    0s] WriteText Library/Bee/artifacts/2400b0aE.dag/Unity.RenderPipelines.Universal.Config.Runtime.UnityAdditionalFile.txt
[240/951    0s] WriteText Library/Bee/artifacts/2400b0aE.dag/Unity.InternalAPIEngineBridge.ObjectDispatcher.Runtime.UnityAdditionalFile.txt
[241/951    0s] WriteText Library/Bee/artifacts/2400b0aE.dag/Unity.VisualScripting.Flow.dll.mvfrm.rsp
[242/951    0s] WriteText Library/Bee/artifacts/2400b0aE.dag/Unity.InternalAPIEngineBridge.ObjectDispatcher.Runtime.rsp2
[243/951    0s] WriteText Library/Bee/artifacts/2400b0aE.dag/Unity.InternalAPIEngineBridge.RenderPipelines.Core.Editor.dll.mvfrm.rsp
[244/951    0s] WriteText Library/Bee/artifacts/2400b0aE.dag/Unity.VisualScripting.Flow.rsp
[245/951    0s] WriteText Library/Bee/artifacts/2400b0aE.dag/Unity.InternalAPIEngineBridge.RenderPipelines.Core.Editor.rsp
[246/951    0s] WriteText Library/Bee/artifacts/2400b0aE.dag/Unity.PathTracing.Editor.dll.mvfrm.rsp
[247/951    0s] WriteText Library/Bee/artifacts/2400b0aE.dag/Unity.PathTracing.Editor.rsp
[248/951    0s] WriteText Library/Bee/artifacts/2400b0aE.dag/Unity.RenderPipelines.Core.Runtime.Shared.dll.mvfrm.rsp
[249/951    0s] WriteText Library/Bee/artifacts/2400b0aE.dag/Unity.VisualScripting.Core.Editor.dll.mvfrm.rsp
[250/951    0s] WriteText Library/Bee/artifacts/2400b0aE.dag/Unity.RenderPipelines.Core.Runtime.Shared.rsp
[251/951    0s] WriteText Library/Bee/artifacts/2400b0aE.dag/Unity.RenderPipeline.Universal.ShaderLibrary.dll.mvfrm.rsp
[252/951    0s] WriteText Library/Bee/artifacts/2400b0aE.dag/Unity.SurfaceCache.Runtime.dll.mvfrm.rsp
[253/951    0s] WriteText Library/Bee/artifacts/2400b0aE.dag/Unity.VisualScripting.Core.Editor.rsp
[254/951    0s] WriteText Library/Bee/artifacts/2400b0aE.dag/Unity.RenderPipelines.Universal.Config.Runtime.dll.mvfrm.rsp
[255/951    0s] WriteText Library/Bee/artifacts/2400b0aE.dag/Unity.SurfaceCache.Runtime.rsp
[256/951    0s] WriteText Library/Bee/artifacts/2400b0aE.dag/Unity.RenderPipeline.Universal.ShaderLibrary.rsp
[257/951    0s] WriteText Library/Bee/artifacts/2400b0aE.dag/Unity.InternalAPIEngineBridge.ObjectDispatcher.Runtime.dll.mvfrm.rsp
[258/951    0s] WriteText Library/Bee/artifacts/2400b0aE.dag/Unity.InternalAPIEngineBridge.ObjectDispatcher.Runtime.rsp
[259/951    0s] WriteText Library/Bee/artifacts/2400b0aE.dag/Unity.RenderPipelines.Universal.Config.Runtime.rsp
[260/951    0s] WriteText Library/Bee/artifacts/2400b0aE.dag/Unity.RenderPipelines.Core.Editor.rsp2
[261/951    0s] WriteText Library/Bee/artifacts/2400b0aE.dag/Unity.RenderPipelines.Core.Editor.UnityAdditionalFile.txt
[262/951    0s] WriteText Library/Bee/artifacts/2400b0aE.dag/Unity.RenderPipelines.Universal.Runtime.UnityAdditionalFile.txt
[263/951    0s] WriteText Library/Bee/artifacts/2400b0aE.dag/Unity.RenderPipelines.Universal.Runtime.rsp2
[264/951    0s] WriteText Library/Bee/artifacts/2400b0aE.dag/Unity.VisualScripting.Flow.Editor.UnityAdditionalFile.txt
[265/951    0s] WriteText Library/Bee/artifacts/2400b0aE.dag/Unity.VisualScripting.State.rsp2
[266/951    0s] WriteText Library/Bee/artifacts/2400b0aE.dag/Unity.VisualScripting.State.UnityAdditionalFile.txt
[267/951    0s] WriteText Library/Bee/artifacts/2400b0aE.dag/Unity.VisualScripting.Flow.Editor.rsp2
[268/951    0s] WriteText Library/Bee/artifacts/2400b0aE.dag/Unity.Searcher.Editor.UnityAdditionalFile.txt
[269/951    0s] WriteText Library/Bee/artifacts/2400b0aE.dag/Unity.Searcher.Editor.rsp2
[270/951    0s] WriteText Library/Bee/artifacts/2400b0aE.dag/Unity.GraphAuthoring.Editor.UnityAdditionalFile.txt
[271/951    0s] WriteText Library/Bee/artifacts/2400b0aE.dag/Unity.InternalAPIEngineBridge.004.rsp2
[272/951    0s] WriteText Library/Bee/artifacts/2400b0aE.dag/Unity.InternalAPIEngineBridge.004.UnityAdditionalFile.txt
[273/951    0s] WriteText Library/Bee/artifacts/2400b0aE.dag/Unity.GraphAuthoring.Editor.rsp2
[274/951    0s] WriteText Library/Bee/artifacts/2400b0aE.dag/Unity.InternalAPIEditorBridge.ShaderGraph.Editor.rsp2
[275/951    0s] WriteText Library/Bee/artifacts/2400b0aE.dag/Unity.InternalAPIEditorBridge.ShaderGraph.Editor.UnityAdditionalFile.txt
[276/951    0s] WriteText Library/Bee/artifacts/2400b0aE.dag/Unity.RenderPipelines.Core.Editor.dll.mvfrm.rsp
[277/951    0s] WriteText Library/Bee/artifacts/2400b0aE.dag/Unity.AI.Navigation.Editor.ConversionSystem.rsp2
[278/951    0s] WriteText Library/Bee/artifacts/2400b0aE.dag/Unity.AI.Navigation.rsp2
[279/951    0s] WriteText Library/Bee/artifacts/2400b0aE.dag/Unity.Pipeline.IlInterpreter.rsp2
[280/951    0s] WriteText Library/Bee/artifacts/2400b0aE.dag/Unity.AI.Navigation.Editor.ConversionSystem.UnityAdditionalFile.txt
[281/951    0s] WriteText Library/Bee/artifacts/2400b0aE.dag/Unity.Pipeline.IlInterpreter.UnityAdditionalFile.txt
[282/951    0s] WriteText Library/Bee/artifacts/2400b0aE.dag/Unity.Pipeline.Attributes.UnityAdditionalFile.txt
[283/951    0s] WriteText Library/Bee/artifacts/2400b0aE.dag/Unity.AI.Navigation.UnityAdditionalFile.txt
[284/951    0s] WriteText Library/Bee/artifacts/2400b0aE.dag/Unity.Pipeline.Attributes.rsp2
[285/951    0s] WriteText Library/Bee/artifacts/2400b0aE.dag/Unity.RenderPipelines.Core.Editor.rsp
[286/951    0s] WriteText Library/Bee/artifacts/2400b0aE.dag/Unity.RenderPipelines.Universal.Runtime.dll.mvfrm.rsp
[287/951    0s] WriteText Library/Bee/artifacts/2400b0aE.dag/Unity.ShaderGraph.Utilities.UnityAdditionalFile.txt
[288/951    0s] WriteText Library/Bee/artifacts/2400b0aE.dag/Unity.RenderPipelines.Universal.Runtime.rsp
[289/951    0s] WriteText Library/Bee/artifacts/2400b0aE.dag/Unity.ShaderGraph.Utilities.rsp2
[290/951    0s] WriteText Library/Bee/artifacts/2400b0aE.dag/Unity.VisualScripting.State.dll.mvfrm.rsp
[291/951    0s] WriteText Library/Bee/artifacts/2400b0aE.dag/Unity.VisualScripting.Flow.Editor.dll.mvfrm.rsp
[292/951    0s] WriteText Library/Bee/artifacts/2400b0aE.dag/Unity.Searcher.Editor.dll.mvfrm.rsp
[293/951    0s] WriteText Library/Bee/artifacts/2400b0aE.dag/Unity.InternalAPIEngineBridge.004.dll.mvfrm.rsp
[294/951    0s] WriteText Library/Bee/artifacts/2400b0aE.dag/Unity.GraphAuthoring.Editor.dll.mvfrm.rsp
[295/951    0s] WriteText Library/Bee/artifacts/2400b0aE.dag/Unity.InternalAPIEditorBridge.ShaderGraph.Editor.dll.mvfrm.rsp
[296/951    0s] WriteText Library/Bee/artifacts/2400b0aE.dag/Unity.VisualScripting.State.rsp
[297/951    0s] WriteText Library/Bee/artifacts/2400b0aE.dag/Unity.VisualScripting.Flow.Editor.rsp
[298/951    0s] WriteText Library/Bee/artifacts/2400b0aE.dag/Unity.AI.Navigation.dll.mvfrm.rsp
[299/951    0s] WriteText Library/Bee/artifacts/2400b0aE.dag/Unity.InternalAPIEditorBridge.ShaderGraph.Editor.rsp
[300/951    0s] WriteText Library/Bee/artifacts/2400b0aE.dag/Unity.Searcher.Editor.rsp
[301/951    0s] WriteText Library/Bee/artifacts/2400b0aE.dag/Unity.InternalAPIEngineBridge.004.rsp
[302/951    0s] WriteText Library/Bee/artifacts/2400b0aE.dag/Unity.Pipeline.Attributes.dll.mvfrm.rsp
[303/951    0s] WriteText Library/Bee/artifacts/2400b0aE.dag/Unity.GraphAuthoring.Editor.rsp
[304/951    0s] WriteText Library/Bee/artifacts/2400b0aE.dag/Unity.Pipeline.IlInterpreter.dll.mvfrm.rsp
[305/951    0s] WriteText Library/Bee/artifacts/2400b0aE.dag/Unity.AI.Navigation.Editor.ConversionSystem.dll.mvfrm.rsp
[306/951    0s] MovedFromExtractor Library/Bee/artifacts/mvdfrm/Unity.Collections.LowLevel.ILSupport.dll_5B067B513AA9542B.mvfrm
[307/951    0s] WriteText Library/Bee/artifacts/2400b0aE.dag/Unity.Pipeline.IlInterpreter.rsp
[308/951    0s] WriteText Library/Bee/artifacts/2400b0aE.dag/Unity.AI.Navigation.Editor.ConversionSystem.rsp
[309/951    0s] WriteText Library/Bee/artifacts/2400b0aE.dag/Unity.AI.Navigation.rsp
[310/951    0s] WriteText Library/Bee/artifacts/2400b0aE.dag/Unity.ShaderGraph.Utilities.dll.mvfrm.rsp
[311/951    0s] WriteText Library/Bee/artifacts/2400b0aE.dag/Unity.PlasticSCM.Editor.UnityAdditionalFile.txt
[312/951    0s] WriteText Library/Bee/artifacts/2400b0aE.dag/Unity.PlasticSCM.Editor.rsp2
[313/951    0s] WriteText Library/Bee/artifacts/2400b0aE.dag/Unity.ShaderGraph.Utilities.rsp
[314/951    0s] WriteText Library/Bee/artifacts/2400b0aE.dag/Unity.TextMeshPro.rsp2
[315/951    0s] WriteText Library/Bee/artifacts/2400b0aE.dag/Unity.RenderPipelines.Universal.2D.Runtime.UnityAdditionalFile.txt
[316/951    0s] WriteText Library/Bee/artifacts/2400b0aE.dag/Unity.TextMeshPro.UnityAdditionalFile.txt
[317/951    0s] WriteText Library/Bee/artifacts/2400b0aE.dag/Unity.RenderPipelines.Core.Editor.Shared.UnityAdditionalFile.txt
[318/951    0s] WriteText Library/Bee/artifacts/2400b0aE.dag/Unity.RenderPipelines.Core.Editor.Shared.rsp2
[319/951    0s] WriteText Library/Bee/artifacts/2400b0aE.dag/Unity.RenderPipelines.Universal.2D.Runtime.rsp2
[320/951    0s] WriteText Library/Bee/artifacts/2400b0aE.dag/Unity.ShaderGraph.Editor.UnityAdditionalFile.txt
[321/951    0s] WriteText Library/Bee/artifacts/2400b0aE.dag/Unity.ShaderGraph.Editor.rsp2
[322/951    0s] WriteText Library/Bee/artifacts/2400b0aE.dag/Unity.VisualScripting.State.Editor.UnityAdditionalFile.txt
[323/951    0s] WriteText Library/Bee/artifacts/2400b0aE.dag/Unity.Pipeline.rsp2
[324/951    0s] WriteText Library/Bee/artifacts/2400b0aE.dag/Unity.PlasticSCM.Editor.dll.mvfrm.rsp
[325/951    0s] WriteText Library/Bee/artifacts/2400b0aE.dag/Unity.Pipeline.UnityAdditionalFile.txt
[326/951    0s] WriteText Library/Bee/artifacts/2400b0aE.dag/Unity.InputSystem.ForUI.rsp2
[327/951    0s] WriteText Library/Bee/artifacts/2400b0aE.dag/Unity.Timeline.UnityAdditionalFile.txt
[328/951    0s] WriteText Library/Bee/artifacts/2400b0aE.dag/Unity.Pipeline.Attributes.rsp
[329/951    0s] MovedFromExtractor Library/Bee/artifacts/mvdfrm/Unity.VisualScripting.Antlr3.Runtime.dll_E9EF366BD634428A.mvfrm
[330/951    0s] WriteText Library/Bee/artifacts/2400b0aE.dag/Unity.Timeline.rsp2
[331/951    0s] WriteText Library/Bee/artifacts/2400b0aE.dag/Unity.VisualScripting.State.Editor.rsp2
[332/951    0s] WriteText Library/Bee/artifacts/2400b0aE.dag/Unity.AI.Navigation.Editor.UnityAdditionalFile.txt
[333/951    0s] WriteText Library/Bee/artifacts/2400b0aE.dag/Unity.AI.Navigation.Editor.rsp2
[334/951    0s] WriteText Library/Bee/artifacts/2400b0aE.dag/Unity.InputSystem.ForUI.UnityAdditionalFile.txt
[335/951    0s] WriteText Library/Bee/artifacts/2400b0aE.dag/Unity.TextMeshPro.dll.mvfrm.rsp
[336/951    0s] WriteText Library/Bee/artifacts/2400b0aE.dag/Unity.ShaderGraph.Editor.dll.mvfrm.rsp
[337/951    0s] WriteText Library/Bee/artifacts/2400b0aE.dag/Unity.RenderPipelines.Core.Editor.Shared.dll.mvfrm.rsp
[338/951    0s] WriteText Library/Bee/artifacts/2400b0aE.dag/Unity.RenderPipelines.Universal.2D.Runtime.dll.mvfrm.rsp
[339/951    0s] WriteText Library/Bee/artifacts/2400b0aE.dag/Unity.RenderPipelines.Universal.2D.Runtime.rsp
[340/951    0s] WriteText Library/Bee/artifacts/2400b0aE.dag/Unity.TextMeshPro.rsp
[341/951    0s] WriteText Library/Bee/artifacts/2400b0aE.dag/Unity.RenderPipelines.Core.Editor.Shared.rsp
[342/951    0s] WriteText Library/Bee/artifacts/2400b0aE.dag/Unity.InputSystem.ForUI.dll.mvfrm.rsp
[343/951    0s] WriteText Library/Bee/artifacts/2400b0aE.dag/Unity.Pipeline.dll.mvfrm.rsp
[344/951    0s] WriteText Library/Bee/artifacts/2400b0aE.dag/Unity.VisualScripting.State.Editor.dll.mvfrm.rsp
[345/951    0s] WriteText Library/Bee/artifacts/2400b0aE.dag/Unity.Timeline.dll.mvfrm.rsp
[346/951    0s] WriteText Library/Bee/artifacts/2400b0aE.dag/Unity.AI.Navigation.Editor.dll.mvfrm.rsp
[347/951    0s] WriteText Library/Bee/artifacts/2400b0aE.dag/Unity.Pipeline.rsp
[348/951    0s] WriteText Library/Bee/artifacts/2400b0aE.dag/Unity.VisualScripting.State.Editor.rsp
[349/951    0s] WriteText Library/Bee/artifacts/2400b0aE.dag/Unity.InputSystem.ForUI.rsp
[350/951    0s] WriteText Library/Bee/artifacts/2400b0aE.dag/Unity.AI.Navigation.Editor.rsp
[351/951    0s] WriteText Library/Bee/artifacts/2400b0aE.dag/Unity.Timeline.rsp
[352/951    0s] WriteText Library/Bee/artifacts/2400b0aE.dag/Unity.Rider.Editor.UnityAdditionalFile.txt
[353/951    0s] WriteText Library/Bee/artifacts/2400b0aE.dag/Unity.VisualStudio.Editor.UnityAdditionalFile.txt
[354/951    0s] WriteText Library/Bee/artifacts/2400b0aE.dag/Unity.PlasticSCM.Editor.rsp
[355/951    0s] MovedFromExtractor Library/Bee/artifacts/mvdfrm/Unity.Plastic.Newtonsoft.Json.dll_ED3944E5E8A516CB.mvfrm
[356/951    0s] WriteText Library/Bee/artifacts/2400b0aE.dag/Unity.Rider.Editor.rsp2
[357/951    0s] WriteText Library/Bee/artifacts/2400b0aE.dag/Unity.Collections.Tests.CoreCLR.InternalJobNestedPrivate.UnityAdditionalFile.txt
[358/951    0s] WriteText Library/Bee/artifacts/2400b0aE.dag/Unity.VisualScripting.SettingsProvider.Editor.rsp2
[359/951    0s] WriteText Library/Bee/artifacts/2400b0aE.dag/Unity.Collections.Editor.rsp2
[360/951    0s] WriteText Library/Bee/artifacts/2400b0aE.dag/Unity.Collections.Tests.CoreCLR.InternalJobNestedPrivate.rsp2
[361/951    0s] WriteText Library/Bee/artifacts/2400b0aE.dag/Unity.VisualScripting.Shared.Editor.UnityAdditionalFile.txt
[362/951    0s] WriteText Library/Bee/artifacts/2400b0aE.dag/Unity.Collections.Editor.UnityAdditionalFile.txt
[363/951    0s] WriteText Library/Bee/artifacts/2400b0aE.dag/Unity.VisualScripting.Shared.Editor.rsp2
[364/951    0s] WriteText Library/Bee/artifacts/2400b0aE.dag/UnityEditor.UI.Analytics.UnityAdditionalFile.txt
[365/951    0s] WriteText Library/Bee/artifacts/2400b0aE.dag/Unity.AI.Navigation.Updater.UnityAdditionalFile.txt
[366/951    0s] WriteText Library/Bee/artifacts/2400b0aE.dag/Unity.RenderPipelines.ShaderGraph.ShaderGraphLibrary.UnityAdditionalFile.txt
[367/951    0s] WriteText Library/Bee/artifacts/2400b0aE.dag/Unity.Timeline.Editor.rsp2
[368/951    0s] WriteText Library/Bee/artifacts/2400b0aE.dag/Unity.Timeline.Editor.UnityAdditionalFile.txt
[369/951    0s] WriteText Library/Bee/artifacts/2400b0aE.dag/Unity.Collections.Tests.CoreCLR.PrivateJobNested.rsp2
[370/951    0s] WriteText Library/Bee/artifacts/2400b0aE.dag/Unity.ShaderGraph.Editor.rsp
[371/951    0s] WriteText Library/Bee/artifacts/2400b0aE.dag/Unity.TextMeshPro.Editor.rsp2
[372/951    0s] WriteText Library/Bee/artifacts/2400b0aE.dag/Unity.VisualStudio.Editor.rsp2
[373/951    0s] WriteText Library/Bee/artifacts/2400b0aE.dag/Unity.Collections.Tests.CoreCLR.ProtectedJobNested.UnityAdditionalFile.txt
[374/951    0s] WriteText Library/Bee/artifacts/2400b0aE.dag/Unity.VisualScripting.SettingsProvider.Editor.UnityAdditionalFile.txt
[375/951    0s] WriteText Library/Bee/artifacts/2400b0aE.dag/UnityEditor.UI.Analytics.rsp2
[376/951    0s] WriteText Library/Bee/artifacts/2400b0aE.dag/Unity.Collections.Tests.CoreCLR.PublicJobPrivateGeneric.rsp2
[377/951    0s] WriteText Library/Bee/artifacts/2400b0aE.dag/Unity.RenderPipelines.ShaderGraph.ShaderGraphLibrary.rsp2
[378/951    0s] WriteText Library/Bee/artifacts/2400b0aE.dag/Unity.InputSystem.ForUI.Editor.UnityAdditionalFile.txt
[379/951    0s] WriteText Library/Bee/artifacts/2400b0aE.dag/Unity.Rendering.LightTransport.Editor.rsp2
[380/951    0s] WriteText Library/Bee/artifacts/2400b0aE.dag/Unity.InputSystem.ForUI.Editor.rsp2
[381/951    0s] WriteText Library/Bee/artifacts/2400b0aE.dag/Unity.Rendering.LightTransport.Editor.UnityAdditionalFile.txt
[382/951    0s] WriteText Library/Bee/artifacts/2400b0aE.dag/Unity.Pipeline.Editor.UnityAdditionalFile.txt
[383/951    0s] WriteText Library/Bee/artifacts/2400b0aE.dag/Unity.RenderPipelines.Universal.Shaders.rsp2
[384/951    0s] WriteText Library/Bee/artifacts/2400b0aE.dag/Unity.Pipeline.Editor.rsp2
[385/951    0s] WriteText Library/Bee/artifacts/2400b0aE.dag/Unity.RenderPipelines.Universal.Shaders.UnityAdditionalFile.txt
[386/951    0s] WriteText Library/Bee/artifacts/2400b0aE.dag/Unity.PlasticSCM.Editor.Assistant.UnityAdditionalFile.txt
[387/951    0s] WriteText Library/Bee/artifacts/2400b0aE.dag/Unity.RenderPipelines.Universal.Editor.rsp2
[388/951    0s] WriteText Library/Bee/artifacts/2400b0aE.dag/Unity.PlasticSCM.Editor.Assistant.rsp2
[389/951    0s] WriteText Library/Bee/artifacts/2400b0aE.dag/Unity.RenderPipelines.Universal.Editor.UnityAdditionalFile.txt
[390/951    0s] WriteText Library/Bee/artifacts/2400b0aE.dag/Unity.RenderPipelines.Core.ShaderLibrary.UnityAdditionalFile.txt
[391/951    0s] WriteText Library/Bee/artifacts/2400b0aE.dag/Unity.RenderPipelines.Universal.2D.Editor.Overrides.rsp2
[392/951    0s] WriteText Library/Bee/artifacts/2400b0aE.dag/Unity.TextMeshPro.Editor.UnityAdditionalFile.txt
[393/951    0s] WriteText Library/Bee/artifacts/2400b0aE.dag/Unity.Collections.Tests.CoreCLR.ProtectedJobNested.rsp2
[394/951    0s] WriteText Library/Bee/artifacts/2400b0aE.dag/Unity.RenderPipelines.Core.ShaderLibrary.rsp2
[395/951    0s] WriteText Library/Bee/artifacts/2400b0aE.dag/Unity.AI.Navigation.Updater.rsp2
[396/951    0s] WriteText Library/Bee/artifacts/2400b0aE.dag/Unity.VisualStudio.Editor.dll.mvfrm.rsp
[397/951    0s] WriteText Library/Bee/artifacts/2400b0aE.dag/Unity.Collections.Tests.CoreCLR.PrivateJobNested.UnityAdditionalFile.txt
[398/951    0s] WriteText Library/Bee/artifacts/2400b0aE.dag/Unity.RenderPipelines.Universal.2D.Editor.Overrides.UnityAdditionalFile.txt
[399/951    0s] WriteText Library/Bee/artifacts/2400b0aE.dag/Unity.Collections.Tests.CoreCLR.PublicJobPrivateGeneric.UnityAdditionalFile.txt
[400/951    0s] WriteText Library/Bee/artifacts/2400b0aE.dag/Unity.Collections.Tests.CoreCLR.ProtectedJobNested.dll.mvfrm.rsp
[401/951    0s] WriteText Library/Bee/artifacts/2400b0aE.dag/Unity.RenderPipelines.Core.ShaderLibrary.dll.mvfrm.rsp
[402/951    0s] WriteText Library/Bee/artifacts/2400b0aE.dag/Unity.Pipeline.Editor.dll.mvfrm.rsp
[403/951    0s] WriteText Library/Bee/artifacts/2400b0aE.dag/Unity.RenderPipelines.Universal.Editor.dll.mvfrm.rsp
[404/951    0s] MovedFromExtractor Library/Bee/artifacts/mvdfrm/Unity.VisualScripting.TextureAssets.dll_CFA038DE66389063.mvfrm
[405/951    0s] WriteText Library/Bee/artifacts/2400b0aE.dag/Unity.Collections.Tests.CoreCLR.PublicJobPrivateGeneric.dll.mvfrm.rsp
[406/951    0s] WriteText Library/Bee/artifacts/2400b0aE.dag/Unity.InputSystem.ForUI.Editor.dll.mvfrm.rsp
[407/951    0s] WriteText Library/Bee/artifacts/2400b0aE.dag/Unity.Rendering.LightTransport.Editor.dll.mvfrm.rsp
[408/951    0s] WriteText Library/Bee/artifacts/2400b0aE.dag/Unity.Collections.Tests.CoreCLR.PrivateJobNested.dll.mvfrm.rsp
[409/951    0s] WriteText Library/Bee/artifacts/2400b0aE.dag/Unity.TextMeshPro.Editor.dll.mvfrm.rsp
[410/951    0s] WriteText Library/Bee/artifacts/2400b0aE.dag/Unity.RenderPipelines.Universal.Shaders.dll.mvfrm.rsp
[411/951    0s] WriteText Library/Bee/artifacts/2400b0aE.dag/Unity.Collections.Tests.CoreCLR.InternalJobNestedPrivate.dll.mvfrm.rsp
[412/951    0s] WriteText Library/Bee/artifacts/2400b0aE.dag/Unity.Timeline.Editor.dll.mvfrm.rsp
[413/951    0s] WriteText Library/Bee/artifacts/2400b0aE.dag/Unity.Collections.Editor.dll.mvfrm.rsp
[414/951    0s] WriteText Library/Bee/artifacts/2400b0aE.dag/Unity.VisualScripting.SettingsProvider.Editor.dll.mvfrm.rsp
[415/951    0s] WriteText Library/Bee/artifacts/2400b0aE.dag/Unity.AI.Navigation.Updater.dll.mvfrm.rsp
[416/951    0s] WriteText Library/Bee/artifacts/2400b0aE.dag/Unity.VisualScripting.Shared.Editor.dll.mvfrm.rsp
[417/951    0s] WriteText Library/Bee/artifacts/2400b0aE.dag/UnityEditor.UI.Analytics.dll.mvfrm.rsp
[418/951    0s] WriteText Library/Bee/artifacts/2400b0aE.dag/Unity.VisualStudio.Editor.rsp
[419/951    0s] WriteText Library/Bee/artifacts/2400b0aE.dag/Unity.Rider.Editor.rsp
[420/951    0s] WriteText Library/Bee/artifacts/2400b0aE.dag/Unity.Collections.Tests.CoreCLR.PrivateJobNested.rsp
[421/951    0s] WriteText Library/Bee/artifacts/2400b0aE.dag/Unity.Pipeline.Editor.rsp
[422/951    0s] WriteText Library/Bee/artifacts/2400b0aE.dag/Unity.RenderPipelines.ShaderGraph.ShaderGraphLibrary.dll.mvfrm.rsp
[423/951    0s] WriteText Library/Bee/artifacts/2400b0aE.dag/Unity.InputSystem.ForUI.Editor.rsp
[424/951    0s] WriteText Library/Bee/artifacts/2400b0aE.dag/Unity.RenderPipelines.Universal.Shaders.rsp
[425/951    0s] WriteText Library/Bee/artifacts/2400b0aE.dag/Unity.Collections.Tests.CoreCLR.PublicJobPrivateGeneric.rsp
[426/951    0s] WriteText Library/Bee/artifacts/2400b0aE.dag/Unity.Collections.Tests.CoreCLR.ProtectedJobNested.rsp
[427/951    0s] WriteText Library/Bee/artifacts/2400b0aE.dag/Unity.TextMeshPro.Editor.rsp
[428/951    0s] WriteText Library/Bee/artifacts/2400b0aE.dag/Unity.PlasticSCM.Editor.Assistant.rsp
[429/951    0s] WriteText Library/Bee/artifacts/2400b0aE.dag/Unity.RenderPipelines.Universal.Editor.rsp
[430/951    0s] WriteText Library/Bee/artifacts/2400b0aE.dag/Unity.Timeline.Editor.rsp
[431/951    0s] WriteText Library/Bee/artifacts/2400b0aE.dag/UnityEditor.UI.Analytics.rsp
[432/951    0s] WriteText Library/Bee/artifacts/2400b0aE.dag/Unity.VisualScripting.SettingsProvider.Editor.rsp
[433/951    0s] WriteText Library/Bee/artifacts/2400b0aE.dag/Unity.RenderPipelines.Core.ShaderLibrary.rsp
[434/951    0s] WriteText Library/Bee/artifacts/2400b0aE.dag/Unity.RenderPipelines.Universal.2D.Editor.Overrides.rsp
[435/951    0s] WriteText Library/Bee/artifacts/2400b0aE.dag/Unity.Collections.Editor.rsp
[436/951    0s] WriteText Library/Bee/artifacts/2400b0aE.dag/Unity.VisualScripting.Shared.Editor.rsp
[437/951    0s] WriteText Library/Bee/artifacts/2400b0aE.dag/Unity.PlasticSCM.Editor.Assistant.dll.mvfrm.rsp
[438/951    0s] WriteText Library/Bee/artifacts/2400b0aE.dag/Unity.AI.Navigation.Updater.rsp
[439/951    0s] WriteText Library/Bee/artifacts/2400b0aE.dag/Unity.Rider.Editor.dll.mvfrm.rsp
[440/951    0s] WriteText Library/Bee/artifacts/2400b0aE.dag/Unity.RenderPipelines.ShaderGraph.ShaderGraphLibrary.rsp
[441/951    0s] WriteText Library/Bee/artifacts/2400b0aE.dag/Unity.Rendering.LightTransport.Editor.rsp
[442/951    0s] WriteText Library/Bee/artifacts/2400b0aE.dag/Unity.PerformanceTesting.rsp2
[443/951    0s] WriteText Library/Bee/artifacts/2400b0aE.dag/Unity.PerformanceTesting.UnityAdditionalFile.txt
[444/951    0s] WriteText Library/Bee/artifacts/2400b0aE.dag/Assembly-CSharp.rsp2
[445/951    0s] WriteText Library/Bee/artifacts/2400b0aE.dag/Unity.Collections.Tests.CoreCLR.InternalJobNestedPrivate.rsp
[446/951    0s] WriteText Library/Bee/artifacts/2400b0aE.dag/Unity.PerformanceTesting.dll.mvfrm.rsp
[447/951    0s] WriteText Library/Bee/artifacts/2400b0aE.dag/Assembly-CSharp.UnityAdditionalFile.txt
[448/951    0s] WriteText Library/Bee/artifacts/2400b0aE.dag/Unity.RenderPipelines.Universal.2D.Editor.Overrides.dll.mvfrm.rsp
[449/951    0s] WriteText Library/Bee/artifacts/2400b0aE.dag/Assembly-CSharp.rsp
[450/951    0s] WriteText Library/Bee/artifacts/2400b0aE.dag/Unity.InputSystem.TestFramework.dll.mvfrm.rsp
[451/951    0s] WriteText Library/Bee/artifacts/2400b0aE.dag/Unity.InputSystem.DocCodeSamples.dll.mvfrm.rsp
[452/951    0s] WriteText Library/Bee/artifacts/2400b0aE.dag/Unity.CollabProxy.Editor.dll.mvfrm.rsp
[453/951    0s] WriteText Library/Bee/artifacts/2400b0aE.dag/Unity.InputSystem.TestFramework.rsp2
[454/951    0s] WriteText Library/Bee/artifacts/2400b0aE.dag/Unity.PerformanceTesting.Editor.dll.mvfrm.rsp
[455/951    0s] WriteText Library/Bee/artifacts/2400b0aE.dag/Assembly-CSharp-Editor.dll.mvfrm.rsp
[456/951    0s] WriteText Library/Bee/artifacts/2400b0aE.dag/Unity.PlasticSCM.Editor.Entities.dll.mvfrm.rsp
[457/951    0s] WriteText Library/Bee/artifacts/2400b0aE.dag/Unity.VisualScripting.DocCodeExamples.UnityAdditionalFile.txt
[458/951    0s] WriteText Library/Bee/artifacts/2400b0aE.dag/Unity.VisualScripting.DocCodeExamples.rsp2
[459/951    0s] WriteText Library/Bee/artifacts/2400b0aE.dag/Unity.PerformanceTesting.Editor.rsp2
[460/951    0s] WriteText Library/Bee/artifacts/2400b0aE.dag/Unity.InputSystem.TestFramework.rsp
[461/951    0s] WriteText Library/Bee/artifacts/2400b0aE.dag/Unity.PlasticSCM.Editor.Entities.UnityAdditionalFile.txt
[462/951    0s] WriteText Library/Bee/artifacts/2400b0aE.dag/Unity.PlasticSCM.Editor.Entities.rsp2
[463/951    0s] WriteText Library/Bee/artifacts/2400b0aE.dag/Unity.VisualScripting.DocCodeExamples.rsp
[464/951    0s] WriteText Library/Bee/artifacts/2400b0aE.dag/Unity.InputSystem.DocCodeSamples.rsp2
[465/951    0s] WriteText Library/Bee/artifacts/2400b0aE.dag/Unity.InputSystem.DocCodeSamples.UnityAdditionalFile.txt
[466/951    0s] WriteText Library/Bee/artifacts/2400b0aE.dag/Unity.CollabProxy.Editor.rsp2
[467/951    0s] WriteText Library/Bee/artifacts/2400b0aE.dag/Unity.VisualScripting.DocCodeExamples.dll.mvfrm.rsp
[468/951    0s] WriteText Library/Bee/artifacts/2400b0aE.dag/Assembly-CSharp-Editor.rsp2
[469/951    0s] WriteText Library/Bee/artifacts/2400b0aE.dag/Unity.InputSystem.TestFramework.UnityAdditionalFile.txt
[470/951    0s] WriteText Library/Bee/artifacts/2400b0aE.dag/Unity.CollabProxy.Editor.UnityAdditionalFile.txt
[471/951    0s] WriteText Library/Bee/artifacts/2400b0aE.dag/Assembly-CSharp-Editor.UnityAdditionalFile.txt
[472/951    0s] WriteText Library/Bee/artifacts/2400b0aE.dag/Unity.PerformanceTesting.Editor.UnityAdditionalFile.txt
[473/951    0s] WriteText Library/Bee/artifacts/2400b0aE.dag/Assembly-CSharp.dll.mvfrm.rsp
[474/951    0s] WriteText Library/Bee/artifacts/2400b0aE.dag/Unity.CollabProxy.Editor.rsp
[475/951    0s] WriteText Library/Bee/artifacts/2400b0aE.dag/Unity.PerformanceTesting.Editor.rsp
[476/951    0s] WriteText Library/Bee/artifacts/2400b0aE.dag/Assembly-CSharp-Editor.rsp
[477/951    0s] WriteText Library/Bee/artifacts/2400b0aE.dag/Unity.PerformanceTesting.rsp
[478/951    0s] WriteText Library/Bee/artifacts/2400b0aE.dag/Unity.InputSystem.DocCodeSamples.rsp
[479/951    0s] WriteText Library/Bee/artifacts/2400b0aE.dag/Unity.PlasticSCM.Editor.Entities.rsp
[480/951    0s] MovedFromExtractor Library/Bee/artifacts/mvdfrm/Unity.VisualScripting.IonicZip.dll_415BC0E8E440EB61.mvfrm
[481/951    0s] MovedFromExtractor Library/Bee/artifacts/mvdfrm/Unity.VisualScripting.YamlDotNet.dll_38820F8AA56B326B.mvfrm
[482/951    0s] MovedFromExtractor Library/Bee/artifacts/mvdfrm/UnityEngine.HierarchyModule.dll_1BD9410FFC473691.mvfrm
[483/951    0s] MovedFromExtractor Library/Bee/artifacts/mvdfrm/Unity.Plastic.Antlr3.Runtime.dll_4A7ACD353CCE2CCA.mvfrm
[484/951    0s] MovedFromExtractor Library/Bee/artifacts/mvdfrm/UnityPipeline.System.Runtime.CompilerServices.Unsafe.dll_8D15474A781AA128.mvfrm
[485/951    0s] MovedFromExtractor Library/Bee/artifacts/mvdfrm/UnityEngine.InsightsModule.dll_8A3CE1EA7376BDA3.mvfrm
[486/951    0s] MovedFromExtractor Library/Bee/artifacts/mvdfrm/UnityEngine.NVIDIAModule.dll_AB526C889ED61993.mvfrm
[487/951    0s] MovedFromExtractor-Combine Library/Bee/artifacts/2400b0aE.dag/UnityEngine.TestRunner.dll.mvfrm
[488/951    0s] MovedFromExtractor Library/Bee/artifacts/mvdfrm/UnityEngine.AMDModule.dll_748459A762135F54.mvfrm
[489/951    0s] MovedFromExtractor Library/Bee/artifacts/mvdfrm/Unity.CompilationPipeline.Common.dll_2CD31088CD874C4A.mvfrm
[490/951    0s] MovedFromExtractor Library/Bee/artifacts/mvdfrm/UnityEngine.ARModule.dll_412494DF5C5CBCB9.mvfrm
[490/951    0s] Csc Library/Bee/artifacts/2400b0aE.dag/UnityEngine.TestRunner.dll (+2 others) [CacheHit 8e0c59a85d5ab80336b7f35c9653542e00000000000000000000000000000006]
[491/951    0s] Csc Library/Bee/artifacts/2400b0aE.dag/UnityEngine.TestRunner.dll (+2 others)
[493/951    0s] MovedFromExtractor-Combine Library/Bee/artifacts/2400b0aE.dag/UnityEngine.UI.dll.mvfrm
[494/951    0s] MovedFromExtractor-Combine Library/Bee/artifacts/2400b0aE.dag/Unity.Pipeline.CodeGen.dll.mvfrm
[           0s] Csc Library/Bee/artifacts/2400b0aE.dag/UnityEngine.UI.dll (+2 others) [CacheMiss 9e3d9182df9b142a9e5074d88b0475a100000000000000000000000000000006]
[           0s] Csc Library/Bee/artifacts/2400b0aE.dag/Unity.Pipeline.CodeGen.dll (+2 others) [CacheMiss e71df37857c8a04cfb6b3da6ab709b9500000000000000000000000000000006]
[495/951    0s] MovedFromExtractor Library/Bee/artifacts/mvdfrm/UnityEngine.TestRunner.ref.dll_F1B32A9E2F71E054.mvfrm
[496/951    0s] MovedFromExtractor-Combine Library/Bee/artifacts/2400b0aE.dag/UnityEditor.TestRunner.dll.mvfrm
[495/951    0s] Csc Library/Bee/artifacts/2400b0aE.dag/UnityEditor.TestRunner.dll (+2 others) [CacheHit c3544ce32e3984d1302ca8c8a51bd55a00000000000000000000000000000006]
[497/951    0s] Csc Library/Bee/artifacts/2400b0aE.dag/UnityEditor.TestRunner.dll (+2 others)
[499/951    0s] MovedFromExtractor Library/Bee/artifacts/mvdfrm/UnityEditor.TestRunner.ref.dll_2594DFF003AE8269.mvfrm
[500/951    0s] Csc Library/Bee/artifacts/2400b0aE.dag/Unity.Pipeline.CodeGen.dll (+2 others)
[           0s] Csc Library/Bee/artifacts/2400b0aE.dag/Unity.Pipeline.CodeGen.dll (+2 others) [CacheWrite e71df37857c8a04cfb6b3da6ab709b9500000000000000000000000000000006]
[501/951    0s] CopyFiles Library/ScriptAssemblies/Unity.Pipeline.CodeGen.dll
[502/951    0s] CopyFiles Library/ScriptAssemblies/Unity.Pipeline.CodeGen.pdb
[503/951    1s] Csc Library/Bee/artifacts/2400b0aE.dag/UnityEngine.UI.dll (+2 others)
[           0s] Csc Library/Bee/artifacts/2400b0aE.dag/UnityEngine.UI.dll (+2 others) [CacheWrite 9e3d9182df9b142a9e5074d88b0475a100000000000000000000000000000006]
[504/951    0s] MovedFromExtractor Library/Bee/artifacts/mvdfrm/UnityEngine.UI.ref.dll_01958F46DE82E516.mvfrm
[505/951    0s] MovedFromExtractor-Combine Library/Bee/artifacts/2400b0aE.dag/UnityEditor.UI.dll.mvfrm
[           0s] Csc Library/Bee/artifacts/2400b0aE.dag/UnityEditor.UI.dll (+2 others) [CacheMiss 188c4f6121b6895d4b6394b2c9aeee1100000000000000000000000000000006]
[506/951    0s] Csc Library/Bee/artifacts/2400b0aE.dag/UnityEditor.UI.dll (+2 others)
[           0s] Csc Library/Bee/artifacts/2400b0aE.dag/UnityEditor.UI.dll (+2 others) [CacheWrite 188c4f6121b6895d4b6394b2c9aeee1100000000000000000000000000000006]
[507/951    0s] MovedFromExtractor Library/Bee/artifacts/mvdfrm/UnityEditor.UI.ref.dll_452FB8EBD860BCAB.mvfrm
[508/951    0s] MovedFromExtractor-Combine Library/Bee/artifacts/2400b0aE.dag/Unity.Pipeline.Attributes.dll.mvfrm
[           0s] Csc Library/Bee/artifacts/2400b0aE.dag/Unity.Pipeline.Attributes.dll (+2 others) [CacheMiss 880c8f2a32349c9bcaf01747bf21071800000000000000000000000000000006]
[509/951    0s] MovedFromExtractor-Combine Library/Bee/artifacts/2400b0aE.dag/Unity.AI.Navigation.Editor.ConversionSystem.dll.mvfrm
[510/951    0s] MovedFromExtractor-Combine Library/Bee/artifacts/2400b0aE.dag/Unity.InternalAPIEngineBridge.ObjectDispatcher.Runtime.dll.mvfrm
[511/951    0s] MovedFromExtractor-Combine Library/Bee/artifacts/2400b0aE.dag/Unity.InternalAPIEngineBridge.004.dll.mvfrm
[512/951    0s] MovedFromExtractor-Combine Library/Bee/artifacts/2400b0aE.dag/Unity.ShaderGraph.Utilities.dll.mvfrm
[513/951    0s] MovedFromExtractor-Combine Library/Bee/artifacts/2400b0aE.dag/Unity.Pipeline.IlInterpreter.dll.mvfrm
[514/951    0s] MovedFromExtractor-Combine Library/Bee/artifacts/2400b0aE.dag/Unity.Searcher.Editor.dll.mvfrm
[515/951    0s] MovedFromExtractor-Combine Library/Bee/artifacts/2400b0aE.dag/Unity.AI.Navigation.dll.mvfrm
[516/951    0s] MovedFromExtractor-Combine Library/Bee/artifacts/2400b0aE.dag/Unity.PlasticSCM.Editor.dll.mvfrm
[           0s] Csc Library/Bee/artifacts/2400b0aE.dag/Unity.InternalAPIEngineBridge.ObjectDispatcher.Runtime.dll (+2 others) [CacheMiss 2f92887e2ec6346a85ac520c035f7d4c00000000000000000000000000000006]
[517/951    0s] MovedFromExtractor-Combine Library/Bee/artifacts/2400b0aE.dag/Unity.InternalAPIEditorBridge.ShaderGraph.Editor.dll.mvfrm
[518/951    0s] MovedFromExtractor-Combine Library/Bee/artifacts/2400b0aE.dag/Unity.InternalAPIEngineBridge.RenderPipelines.Core.Runtime.Shared.dll.mvfrm
[519/951    0s] MovedFromExtractor-Combine Library/Bee/artifacts/2400b0aE.dag/Unity.Profiling.Core.dll.mvfrm
[520/951    0s] MovedFromExtractor-Combine Library/Bee/artifacts/2400b0aE.dag/Unity.InternalAPIEngineBridge.RenderPipelines.Core.Editor.dll.mvfrm
[521/951    0s] MovedFromExtractor-Combine Library/Bee/artifacts/2400b0aE.dag/Unity.Burst.dll.mvfrm
[522/951    0s] MovedFromExtractor-Combine Library/Bee/artifacts/2400b0aE.dag/Unity.GraphAuthoring.Editor.dll.mvfrm
[523/951    0s] MovedFromExtractor-Combine Library/Bee/artifacts/2400b0aE.dag/Unity.InputSystem.dll.mvfrm
[           0s] Csc Library/Bee/artifacts/2400b0aE.dag/Unity.AI.Navigation.Editor.ConversionSystem.dll (+2 others) [CacheMiss 53a449f9dc966d07cb7b4fb7199e07bf00000000000000000000000000000006]
[           0s] Csc Library/Bee/artifacts/2400b0aE.dag/Unity.ShaderGraph.Utilities.dll (+2 others) [CacheMiss 699cb47f2454baec46c2e79c89eea92100000000000000000000000000000006]
[           0s] Csc Library/Bee/artifacts/2400b0aE.dag/Unity.AI.Navigation.dll (+2 others) [CacheMiss 5abf5dc8b6c8a92d3e5806ec8a3ed95600000000000000000000000000000006]
[           0s] Csc Library/Bee/artifacts/2400b0aE.dag/Unity.InternalAPIEditorBridge.ShaderGraph.Editor.dll (+2 others) [CacheMiss ce7aba1082eb40bf4f80708cf642aebb00000000000000000000000000000006]
[           0s] Csc Library/Bee/artifacts/2400b0aE.dag/Unity.Searcher.Editor.dll (+2 others) [CacheMiss 50c088b08b16b9dea5ffadfa1f2e3b1f00000000000000000000000000000006]
[           0s] Csc Library/Bee/artifacts/2400b0aE.dag/Unity.InternalAPIEngineBridge.RenderPipelines.Core.Editor.dll (+2 others) [CacheMiss 5d95f4e096e5be219cd021c9c0b97cda00000000000000000000000000000006]
[           0s] Csc Library/Bee/artifacts/2400b0aE.dag/Unity.Burst.dll (+2 others) [CacheMiss 80e603ec8ebce496e9b4536b6a2b70bb00000000000000000000000000000006]
[           0s] Csc Library/Bee/artifacts/2400b0aE.dag/Unity.InternalAPIEngineBridge.RenderPipelines.Core.Runtime.Shared.dll (+2 others) [CacheMiss d67c002bec46638ba57f20cdaa478dcf00000000000000000000000000000006]
[           0s] Csc Library/Bee/artifacts/2400b0aE.dag/Unity.Pipeline.IlInterpreter.dll (+2 others) [CacheMiss e61e27164869d796085a6e91cdd236a400000000000000000000000000000006]
[           0s] Csc Library/Bee/artifacts/2400b0aE.dag/Unity.Profiling.Core.dll (+2 others) [CacheMiss 1e79e4cb14b00b70c74e10b99da4a38300000000000000000000000000000006]
[           0s] Csc Library/Bee/artifacts/2400b0aE.dag/Unity.GraphAuthoring.Editor.dll (+2 others) [CacheMiss e14b48639eb3385346aef320e953fcd200000000000000000000000000000006]
[           0s] Csc Library/Bee/artifacts/2400b0aE.dag/Unity.InputSystem.dll (+2 others) [CacheMiss 61f53068382223def256a631a92d261300000000000000000000000000000006]
[           0s] Csc Library/Bee/artifacts/2400b0aE.dag/Unity.PlasticSCM.Editor.dll (+2 others) [CacheMiss 22a0985a8470dc2f80b3670b4f97369100000000000000000000000000000006]
[524/951    0s] Csc Library/Bee/artifacts/2400b0aE.dag/Unity.Pipeline.Attributes.dll (+2 others)
[525/951    0s] Csc Library/Bee/artifacts/2400b0aE.dag/Unity.ShaderGraph.Utilities.dll (+2 others)
[           0s] Csc Library/Bee/artifacts/2400b0aE.dag/Unity.Pipeline.Attributes.dll (+2 others) [CacheWrite 880c8f2a32349c9bcaf01747bf21071800000000000000000000000000000006]
[           0s] Csc Library/Bee/artifacts/2400b0aE.dag/Unity.ShaderGraph.Utilities.dll (+2 others) [CacheWrite 699cb47f2454baec46c2e79c89eea92100000000000000000000000000000006]
[526/951    0s] Csc Library/Bee/artifacts/2400b0aE.dag/Unity.InternalAPIEditorBridge.ShaderGraph.Editor.dll (+2 others)
[           0s] Csc Library/Bee/artifacts/2400b0aE.dag/Unity.InternalAPIEditorBridge.ShaderGraph.Editor.dll (+2 others) [CacheWrite ce7aba1082eb40bf4f80708cf642aebb00000000000000000000000000000006]
[527/951    0s] Csc Library/Bee/artifacts/2400b0aE.dag/Unity.Burst.dll (+2 others)
[           0s] Csc Library/Bee/artifacts/2400b0aE.dag/Unity.Burst.dll (+2 others) [CacheWrite 80e603ec8ebce496e9b4536b6a2b70bb00000000000000000000000000000006]
[           0s] Csc Library/Bee/artifacts/2400b0aE.dag/Unity.InternalAPIEngineBridge.004.dll (+2 others) [CacheMiss bbbfdad0b96d7cbd30f2c7c95c400c9700000000000000000000000000000006]
[528/951    0s] Csc Library/Bee/artifacts/2400b0aE.dag/Unity.InternalAPIEngineBridge.ObjectDispatcher.Runtime.dll (+2 others)
[529/951    0s] MovedFromExtractor Library/Bee/artifacts/mvdfrm/Unity.Pipeline.Attributes.ref.dll_0DBDE6B893161375.mvfrm
[530/951    0s] MovedFromExtractor Library/Bee/artifacts/mvdfrm/Unity.ShaderGraph.Utilities.ref.dll_2CC501C32FF68407.mvfrm
[531/951    0s] MovedFromExtractor Library/Bee/artifacts/mvdfrm/Unity.InternalAPIEditorBridge.ShaderGraph.Editor.ref.dll_4552C936559C07D1.mvfrm
[532/951    0s] MovedFromExtractor Library/Bee/artifacts/mvdfrm/Unity.Burst.ref.dll_9CE15340CD9598D2.mvfrm
[533/951    0s] MovedFromExtractor-Combine Library/Bee/artifacts/2400b0aE.dag/Unity.Timeline.dll.mvfrm
[534/951    0s] MovedFromExtractor-Combine Library/Bee/artifacts/2400b0aE.dag/Unity.Rider.Editor.dll.mvfrm
[           0s] Csc Library/Bee/artifacts/2400b0aE.dag/Unity.Timeline.dll (+2 others) [CacheMiss f17188d5ef82b66851f74a6986af0dc400000000000000000000000000000006]
[535/951    0s] MovedFromExtractor-Combine Library/Bee/artifacts/2400b0aE.dag/Unity.VisualStudio.Editor.dll.mvfrm
[536/951    1s] Csc Library/Bee/artifacts/2400b0aE.dag/Unity.InternalAPIEngineBridge.RenderPipelines.Core.Editor.dll (+2 others)
[537/951    1s] Csc Library/Bee/artifacts/2400b0aE.dag/Unity.InternalAPIEngineBridge.RenderPipelines.Core.Runtime.Shared.dll (+2 others)
[           0s] Csc Library/Bee/artifacts/2400b0aE.dag/Unity.InternalAPIEngineBridge.RenderPipelines.Core.Editor.dll (+2 others) [CacheWrite 5d95f4e096e5be219cd021c9c0b97cda00000000000000000000000000000006]
[           0s] Csc Library/Bee/artifacts/2400b0aE.dag/Unity.InternalAPIEngineBridge.RenderPipelines.Core.Runtime.Shared.dll (+2 others) [CacheWrite d67c002bec46638ba57f20cdaa478dcf00000000000000000000000000000006]
[538/951    0s] MovedFromExtractor-Combine Library/Bee/artifacts/2400b0aE.dag/Unity.Collections.dll.mvfrm
[539/951    0s] MovedFromExtractor-Combine Library/Bee/artifacts/2400b0aE.dag/Unity.RenderPipelines.Universal.Shaders.dll.mvfrm
[540/951    1s] Csc Library/Bee/artifacts/2400b0aE.dag/Unity.AI.Navigation.Editor.ConversionSystem.dll (+2 others)
[           0s] Csc Library/Bee/artifacts/2400b0aE.dag/Unity.Collections.dll (+2 others) [CacheMiss 77db16cbc4cab9b843959431e72a7a5800000000000000000000000000000006]
[           0s] Csc Library/Bee/artifacts/2400b0aE.dag/Unity.AI.Navigation.Editor.ConversionSystem.dll (+2 others) [CacheWrite 53a449f9dc966d07cb7b4fb7199e07bf00000000000000000000000000000006]
[541/951    1s] Csc Library/Bee/artifacts/2400b0aE.dag/Unity.Profiling.Core.dll (+2 others)
[           0s] Csc Library/Bee/artifacts/2400b0aE.dag/Unity.Profiling.Core.dll (+2 others) [CacheWrite 1e79e4cb14b00b70c74e10b99da4a38300000000000000000000000000000006]
[542/951    0s] MovedFromExtractor-Combine Library/Bee/artifacts/2400b0aE.dag/Unity.Rendering.LightTransport.Editor.dll.mvfrm
[543/951    0s] Csc Library/Bee/artifacts/2400b0aE.dag/Unity.InternalAPIEngineBridge.004.dll (+2 others)
[           0s] Csc Library/Bee/artifacts/2400b0aE.dag/Unity.InternalAPIEngineBridge.ObjectDispatcher.Runtime.dll (+2 others) [CacheWrite 2f92887e2ec6346a85ac520c035f7d4c00000000000000000000000000000006]
[           0s] Csc Library/Bee/artifacts/2400b0aE.dag/Unity.InternalAPIEngineBridge.004.dll (+2 others) [CacheWrite bbbfdad0b96d7cbd30f2c7c95c400c9700000000000000000000000000000006]
[544/951    0s] MovedFromExtractor-Combine Library/Bee/artifacts/2400b0aE.dag/Unity.RenderPipelines.ShaderGraph.ShaderGraphLibrary.dll.mvfrm
[545/951    0s] MovedFromExtractor Library/Bee/artifacts/mvdfrm/Unity.AI.Navigation.Editor.ConversionSystem.ref.dll_0D6E4E7A57F11024.mvfrm
[546/951    1s] Csc Library/Bee/artifacts/2400b0aE.dag/Unity.AI.Navigation.dll (+2 others)
[547/951    0s] MovedFromExtractor-Combine Library/Bee/artifacts/2400b0aE.dag/Unity.RenderPipelines.Core.ShaderLibrary.dll.mvfrm
[           0s] Csc Library/Bee/artifacts/2400b0aE.dag/Unity.AI.Navigation.dll (+2 others) [CacheWrite 5abf5dc8b6c8a92d3e5806ec8a3ed95600000000000000000000000000000006]
[           0s] Csc Library/Bee/artifacts/2400b0aE.dag/Unity.RenderPipelines.Core.ShaderLibrary.dll (+2 others) [CacheMiss 09f8ff167afc89d18fca104131af1d0500000000000000000000000000000006]
[           0s] Csc Library/Bee/artifacts/2400b0aE.dag/Unity.VisualStudio.Editor.dll (+2 others) [CacheMiss 0e951893042777a25aba58cc1ae9e8a400000000000000000000000000000006]
[545/951    0s] Csc Library/Bee/artifacts/2400b0aE.dag/Unity.Rider.Editor.dll (+2 others) [CacheHit 2d246f59a428981a2e6e239ac801e72c00000000000000000000000000000006]
[548/951    0s] Csc Library/Bee/artifacts/2400b0aE.dag/Unity.Rider.Editor.dll (+2 others)
[550/951    0s] MovedFromExtractor Library/Bee/artifacts/mvdfrm/Unity.InternalAPIEngineBridge.RenderPipelines.Core.Editor.ref.dll_E38979A5B78B8D45.mvfrm
[551/951    0s] MovedFromExtractor Library/Bee/artifacts/mvdfrm/Unity.InternalAPIEngineBridge.RenderPipelines.Core.Runtime.Shared.ref.dll_CAC25CA7E525D873.mvfrm
[           0s] Csc Library/Bee/artifacts/2400b0aE.dag/Unity.RenderPipelines.ShaderGraph.ShaderGraphLibrary.dll (+2 others) [CacheMiss 5bd623b5a509f9c22bbc07f89f85f3ec00000000000000000000000000000006]
[           0s] Csc Library/Bee/artifacts/2400b0aE.dag/Unity.RenderPipelines.Universal.Shaders.dll (+2 others) [CacheMiss 171ca86fc52d677b5e1fb64e5b0e11a500000000000000000000000000000006]
[552/951    1s] Csc Library/Bee/artifacts/2400b0aE.dag/Unity.Searcher.Editor.dll (+2 others)
[           0s] Csc Library/Bee/artifacts/2400b0aE.dag/Unity.Searcher.Editor.dll (+2 others) [CacheWrite 50c088b08b16b9dea5ffadfa1f2e3b1f00000000000000000000000000000006]
[553/951    0s] MovedFromExtractor Library/Bee/artifacts/mvdfrm/Unity.InternalAPIEngineBridge.ObjectDispatcher.Runtime.ref.dll_484EFE3DDFC02FBA.mvfrm
[554/951    0s] MovedFromExtractor Library/Bee/artifacts/mvdfrm/Unity.InternalAPIEngineBridge.004.ref.dll_9DD979BE3F8C8350.mvfrm
[555/951    0s] MovedFromExtractor Library/Bee/artifacts/mvdfrm/Unity.Profiling.Core.ref.dll_BB57BE87EB72E14B.mvfrm
[556/951    1s] Csc Library/Bee/artifacts/2400b0aE.dag/Unity.GraphAuthoring.Editor.dll (+2 others)
[           0s] Csc Library/Bee/artifacts/2400b0aE.dag/Unity.GraphAuthoring.Editor.dll (+2 others) [CacheWrite e14b48639eb3385346aef320e953fcd200000000000000000000000000000006]
[557/951    0s] MovedFromExtractor-Combine Library/Bee/artifacts/2400b0aE.dag/Unity.PerformanceTesting.dll.mvfrm
[554/951    0s] Csc Library/Bee/artifacts/2400b0aE.dag/Unity.PerformanceTesting.dll (+2 others) [CacheHit cdf34acd2ca4c5fd8beaba76a859e4e000000000000000000000000000000006]
[558/951    0s] Csc Library/Bee/artifacts/2400b0aE.dag/Unity.PerformanceTesting.dll (+2 others)
[560/951    0s] MovedFromExtractor-Combine Library/Bee/artifacts/2400b0aE.dag/Unity.TextMeshPro.dll.mvfrm
[           0s] Csc Library/Bee/artifacts/2400b0aE.dag/Unity.TextMeshPro.dll (+2 others) [CacheMiss 516c86a575f46f19b706765af527ce1200000000000000000000000000000006]
[561/951    0s] MovedFromExtractor Library/Bee/artifacts/mvdfrm/Unity.Searcher.Editor.ref.dll_593125D8983B03B8.mvfrm
[562/951    0s] CopyFiles Library/ScriptAssemblies/Unity.Rider.Editor.pdb
[563/951    0s] CopyFiles Library/ScriptAssemblies/Unity.Rider.Editor.dll
[564/951    0s] MovedFromExtractor Library/Bee/artifacts/mvdfrm/Unity.Rider.Editor.ref.dll_9145F68A59D35CE5.mvfrm
[565/951    0s] MovedFromExtractor Library/Bee/artifacts/mvdfrm/Unity.GraphAuthoring.Editor.ref.dll_A1E83A3007316514.mvfrm
[566/951    0s] MovedFromExtractor Library/Bee/artifacts/mvdfrm/Unity.PerformanceTesting.ref.dll_9CA924C712E203D4.mvfrm
[567/951    0s] MovedFromExtractor Library/Bee/artifacts/mvdfrm/Unity.AI.Navigation.ref.dll_DE872EE15FE1F97C.mvfrm
[568/951    0s] Csc Library/Bee/artifacts/2400b0aE.dag/Unity.RenderPipelines.Core.ShaderLibrary.dll (+2 others)
[           0s] Csc Library/Bee/artifacts/2400b0aE.dag/Unity.RenderPipelines.Core.ShaderLibrary.dll (+2 others) [CacheWrite 09f8ff167afc89d18fca104131af1d0500000000000000000000000000000006]
[569/951    0s] MovedFromExtractor-Combine Library/Bee/artifacts/2400b0aE.dag/Unity.PerformanceTesting.Editor.dll.mvfrm
[565/951    0s] Csc Library/Bee/artifacts/2400b0aE.dag/Unity.PerformanceTesting.Editor.dll (+2 others) [CacheHit b420205e1c829077ceb19ce50da2b72500000000000000000000000000000006]
[570/951    0s] Csc Library/Bee/artifacts/2400b0aE.dag/Unity.PerformanceTesting.Editor.dll (+2 others)
[           0s] Csc Library/Bee/artifacts/2400b0aE.dag/Unity.Rendering.LightTransport.Editor.dll (+2 others) [CacheMiss 8ba66614352a1586d907c4509de0356900000000000000000000000000000006]
[572/951    0s] Csc Library/Bee/artifacts/2400b0aE.dag/Unity.RenderPipelines.ShaderGraph.ShaderGraphLibrary.dll (+2 others)
[573/951    0s] Csc Library/Bee/artifacts/2400b0aE.dag/Unity.RenderPipelines.Universal.Shaders.dll (+2 others)
[           0s] Csc Library/Bee/artifacts/2400b0aE.dag/Unity.RenderPipelines.ShaderGraph.ShaderGraphLibrary.dll (+2 others) [CacheWrite 5bd623b5a509f9c22bbc07f89f85f3ec00000000000000000000000000000006]
[           0s] Csc Library/Bee/artifacts/2400b0aE.dag/Unity.RenderPipelines.Universal.Shaders.dll (+2 others) [CacheWrite 171ca86fc52d677b5e1fb64e5b0e11a500000000000000000000000000000006]
[574/951    0s] MovedFromExtractor-Combine Library/Bee/artifacts/2400b0aE.dag/Unity.AI.Navigation.Editor.dll.mvfrm
[           0s] Csc Library/Bee/artifacts/2400b0aE.dag/Unity.AI.Navigation.Editor.dll (+2 others) [CacheMiss 291dd85bdf98854f0b73cf0b94e8c74900000000000000000000000000000006]
[575/951    0s] MovedFromExtractor Library/Bee/artifacts/mvdfrm/Unity.RenderPipelines.Core.ShaderLibrary.ref.dll_BDA8D2A48981208E.mvfrm
[576/951    0s] MovedFromExtractor Library/Bee/artifacts/mvdfrm/Unity.RenderPipelines.ShaderGraph.ShaderGraphLibrary.ref.dll_07E617934899330E.mvfrm
[577/951    0s] MovedFromExtractor Library/Bee/artifacts/mvdfrm/Unity.RenderPipelines.Universal.Shaders.ref.dll_AD1117A4F86F700A.mvfrm
[578/951    0s] Csc Library/Bee/artifacts/2400b0aE.dag/Unity.Rendering.LightTransport.Editor.dll (+2 others)
[           0s] Csc Library/Bee/artifacts/2400b0aE.dag/Unity.Rendering.LightTransport.Editor.dll (+2 others) [CacheWrite 8ba66614352a1586d907c4509de0356900000000000000000000000000000006]
[579/951    1s] Csc Library/Bee/artifacts/2400b0aE.dag/Unity.Timeline.dll (+2 others)
[           0s] Csc Library/Bee/artifacts/2400b0aE.dag/Unity.Timeline.dll (+2 others) [CacheWrite f17188d5ef82b66851f74a6986af0dc400000000000000000000000000000006]
[580/951    0s] MovedFromExtractor Library/Bee/artifacts/mvdfrm/Unity.Rendering.LightTransport.Editor.ref.dll_7EDFCE24688A3F58.mvfrm
[581/951    0s] MovedFromExtractor Library/Bee/artifacts/mvdfrm/Unity.Timeline.ref.dll_5AB3C2EE9968C745.mvfrm
[582/951    0s] MovedFromExtractor-Combine Library/Bee/artifacts/2400b0aE.dag/Unity.Timeline.Editor.dll.mvfrm
[583/951    0s] Csc Library/Bee/artifacts/2400b0aE.dag/Unity.AI.Navigation.Editor.dll (+2 others)
[           0s] Csc Library/Bee/artifacts/2400b0aE.dag/Unity.AI.Navigation.Editor.dll (+2 others) [CacheWrite 291dd85bdf98854f0b73cf0b94e8c74900000000000000000000000000000006]
[           0s] Csc Library/Bee/artifacts/2400b0aE.dag/Unity.Timeline.Editor.dll (+2 others) [CacheMiss 453de6283c9c16ce22308b0ceb2741a300000000000000000000000000000006]
[584/951    1s] Csc Library/Bee/artifacts/2400b0aE.dag/Unity.VisualStudio.Editor.dll (+2 others)
[           0s] Csc Library/Bee/artifacts/2400b0aE.dag/Unity.VisualStudio.Editor.dll (+2 others) [CacheWrite 0e951893042777a25aba58cc1ae9e8a400000000000000000000000000000006]
[585/951    0s] CopyFiles Library/ScriptAssemblies/Unity.VisualStudio.Editor.dll
[586/951    0s] CopyFiles Library/ScriptAssemblies/Unity.VisualStudio.Editor.pdb
[587/951    0s] MovedFromExtractor Library/Bee/artifacts/mvdfrm/Unity.AI.Navigation.Editor.ref.dll_9C82A0E57CE4B9F5.mvfrm
[588/951    0s] MovedFromExtractor Library/Bee/artifacts/mvdfrm/Unity.VisualStudio.Editor.ref.dll_45A2A186C05004D7.mvfrm
[589/951    0s] MovedFromExtractor-Combine Library/Bee/artifacts/2400b0aE.dag/Unity.AI.Navigation.Updater.dll.mvfrm
[           0s] Csc Library/Bee/artifacts/2400b0aE.dag/Unity.AI.Navigation.Updater.dll (+2 others) [CacheMiss a7b81462af9aef27c8828401d8ae20fb00000000000000000000000000000006]
[590/951    0s] Csc Library/Bee/artifacts/2400b0aE.dag/Unity.AI.Navigation.Updater.dll (+2 others)
[           0s] Csc Library/Bee/artifacts/2400b0aE.dag/Unity.AI.Navigation.Updater.dll (+2 others) [CacheWrite a7b81462af9aef27c8828401d8ae20fb00000000000000000000000000000006]
[591/951    0s] MovedFromExtractor Library/Bee/artifacts/mvdfrm/Unity.AI.Navigation.Updater.ref.dll_5C59D206EB3550D7.mvfrm
[592/951    5s] Csc Library/Bee/artifacts/2400b0aE.dag/Unity.TextMeshPro.dll (+2 others)
[           0s] Csc Library/Bee/artifacts/2400b0aE.dag/Unity.TextMeshPro.dll (+2 others) [CacheWrite 516c86a575f46f19b706765af527ce1200000000000000000000000000000006]
[593/951    0s] MovedFromExtractor Library/Bee/artifacts/mvdfrm/Unity.TextMeshPro.ref.dll_8DB7A3E3632A4E05.mvfrm
[594/951    0s] MovedFromExtractor-Combine Library/Bee/artifacts/2400b0aE.dag/UnityEditor.UI.Analytics.dll.mvfrm
[           0s] Csc Library/Bee/artifacts/2400b0aE.dag/UnityEditor.UI.Analytics.dll (+2 others) [CacheMiss e3d2c6a4ff7e9d257d2106ed45e3ee1d00000000000000000000000000000006]
[595/951    2s] Csc Library/Bee/artifacts/2400b0aE.dag/UnityEditor.UI.Analytics.dll (+2 others)
[           0s] Csc Library/Bee/artifacts/2400b0aE.dag/UnityEditor.UI.Analytics.dll (+2 others) [CacheWrite e3d2c6a4ff7e9d257d2106ed45e3ee1d00000000000000000000000000000006]
[596/951    0s] MovedFromExtractor Library/Bee/artifacts/mvdfrm/UnityEditor.UI.Analytics.ref.dll_DE700142083182D3.mvfrm
[597/951    7s] Csc Library/Bee/artifacts/2400b0aE.dag/Unity.Timeline.Editor.dll (+2 others)
[           0s] Csc Library/Bee/artifacts/2400b0aE.dag/Unity.Timeline.Editor.dll (+2 others) [CacheWrite 453de6283c9c16ce22308b0ceb2741a300000000000000000000000000000006]
[598/951   10s] Csc Library/Bee/artifacts/2400b0aE.dag/Unity.Pipeline.IlInterpreter.dll (+2 others)
[           0s] Csc Library/Bee/artifacts/2400b0aE.dag/Unity.Pipeline.IlInterpreter.dll (+2 others) [CacheWrite e61e27164869d796085a6e91cdd236a400000000000000000000000000000006]
[599/951    0s] MovedFromExtractor Library/Bee/artifacts/mvdfrm/Unity.Timeline.Editor.ref.dll_53B6806BAD4EBBBC.mvfrm
[600/951    0s] MovedFromExtractor Library/Bee/artifacts/mvdfrm/Unity.Pipeline.IlInterpreter.ref.dll_4FEAAE56DEA4F34F.mvfrm
[601/951   10s] Csc Library/Bee/artifacts/2400b0aE.dag/Unity.Collections.dll (+2 others)
[           0s] Csc Library/Bee/artifacts/2400b0aE.dag/Unity.Collections.dll (+2 others) [CacheWrite 77db16cbc4cab9b843959431e72a7a5800000000000000000000000000000006]
[602/951    0s] MovedFromExtractor Library/Bee/artifacts/mvdfrm/Unity.Collections.ref.dll_6E80EEB68CD969F7.mvfrm
[603/951    0s] MovedFromExtractor-Combine Library/Bee/artifacts/2400b0aE.dag/Unity.Collections.Editor.dll.mvfrm
[           0s] Csc Library/Bee/artifacts/2400b0aE.dag/Unity.Collections.Editor.dll (+2 others) [CacheMiss a2499c2756b888329878661b9f245dd000000000000000000000000000000006]
[604/951    0s] MovedFromExtractor-Combine Library/Bee/artifacts/2400b0aE.dag/Unity.UnifiedRayTracing.Runtime.dll.mvfrm
[           0s] Csc Library/Bee/artifacts/2400b0aE.dag/Unity.UnifiedRayTracing.Runtime.dll (+2 others) [CacheMiss 3e0cd7f4eda392950619c11df728db7300000000000000000000000000000006]
[605/951    0s] MovedFromExtractor-Combine Library/Bee/artifacts/2400b0aE.dag/Unity.Collections.CodeGen.dll.mvfrm
[606/951    0s] MovedFromExtractor-Combine Library/Bee/artifacts/2400b0aE.dag/Unity.Collections.Tests.CoreCLR.PublicJobPrivateGeneric.dll.mvfrm
[607/951    0s] MovedFromExtractor-Combine Library/Bee/artifacts/2400b0aE.dag/Unity.Collections.Tests.CoreCLR.InternalJobNestedPrivate.dll.mvfrm
[608/951    0s] MovedFromExtractor-Combine Library/Bee/artifacts/2400b0aE.dag/Unity.Collections.Tests.CoreCLR.PrivateJobNested.dll.mvfrm
[609/951    0s] MovedFromExtractor-Combine Library/Bee/artifacts/2400b0aE.dag/Unity.Collections.Tests.CoreCLR.ProtectedJobNested.dll.mvfrm
[           0s] Csc Library/Bee/artifacts/2400b0aE.dag/Unity.Collections.Tests.CoreCLR.InternalJobNestedPrivate.dll (+2 others) [CacheMiss 42cef88614599699072283c4474110cc00000000000000000000000000000006]
[           0s] Csc Library/Bee/artifacts/2400b0aE.dag/Unity.Collections.Tests.CoreCLR.PublicJobPrivateGeneric.dll (+2 others) [CacheMiss 3f057f3d40d80590503c83890eb8f45500000000000000000000000000000006]
[           0s] Csc Library/Bee/artifacts/2400b0aE.dag/Unity.Collections.CodeGen.dll (+2 others) [CacheMiss 1475130c9ea0b1bf6ff8c53e8b56b07e00000000000000000000000000000006]
[           0s] Csc Library/Bee/artifacts/2400b0aE.dag/Unity.Collections.Tests.CoreCLR.PrivateJobNested.dll (+2 others) [CacheMiss e3dc023cdba4cbf49a4e38b890af747c00000000000000000000000000000006]
[           0s] Csc Library/Bee/artifacts/2400b0aE.dag/Unity.Collections.Tests.CoreCLR.ProtectedJobNested.dll (+2 others) [CacheMiss 0c924cf6a7fc8bdd42fdc7ea45be8fa800000000000000000000000000000006]
[610/951   12s] Csc Library/Bee/artifacts/2400b0aE.dag/Unity.InputSystem.dll (+2 others)
[611/951    0s] Csc Library/Bee/artifacts/2400b0aE.dag/Unity.Collections.Tests.CoreCLR.InternalJobNestedPrivate.dll (+2 others)
[612/951    0s] Csc Library/Bee/artifacts/2400b0aE.dag/Unity.Collections.Tests.CoreCLR.PrivateJobNested.dll (+2 others)
[613/951    0s] Csc Library/Bee/artifacts/2400b0aE.dag/Unity.Collections.Tests.CoreCLR.ProtectedJobNested.dll (+2 others)
[           0s] Csc Library/Bee/artifacts/2400b0aE.dag/Unity.Collections.Tests.CoreCLR.InternalJobNestedPrivate.dll (+2 others) [CacheWrite 42cef88614599699072283c4474110cc00000000000000000000000000000006]
[           0s] Csc Library/Bee/artifacts/2400b0aE.dag/Unity.InputSystem.dll (+2 others) [CacheWrite 61f53068382223def256a631a92d261300000000000000000000000000000006]
[           0s] Csc Library/Bee/artifacts/2400b0aE.dag/Unity.Collections.Tests.CoreCLR.ProtectedJobNested.dll (+2 others) [CacheWrite 0c924cf6a7fc8bdd42fdc7ea45be8fa800000000000000000000000000000006]
[           0s] Csc Library/Bee/artifacts/2400b0aE.dag/Unity.Collections.Tests.CoreCLR.PrivateJobNested.dll (+2 others) [CacheWrite e3dc023cdba4cbf49a4e38b890af747c00000000000000000000000000000006]
[614/951    0s] Csc Library/Bee/artifacts/2400b0aE.dag/Unity.Collections.Editor.dll (+2 others)
[           0s] Csc Library/Bee/artifacts/2400b0aE.dag/Unity.Collections.Editor.dll (+2 others) [CacheWrite a2499c2756b888329878661b9f245dd000000000000000000000000000000006]
[615/951    0s] Csc Library/Bee/artifacts/2400b0aE.dag/Unity.Collections.Tests.CoreCLR.PublicJobPrivateGeneric.dll (+2 others)
[           0s] Csc Library/Bee/artifacts/2400b0aE.dag/Unity.Collections.Tests.CoreCLR.PublicJobPrivateGeneric.dll (+2 others) [CacheWrite 3f057f3d40d80590503c83890eb8f45500000000000000000000000000000006]
[616/951    0s] MovedFromExtractor Library/Bee/artifacts/mvdfrm/Unity.Collections.Tests.CoreCLR.ProtectedJobNested.ref.dll_8CDC234183FFF494.mvfrm
[617/951    0s] MovedFromExtractor Library/Bee/artifacts/mvdfrm/Unity.Collections.Tests.CoreCLR.PrivateJobNested.ref.dll_3960FC489A1C46EF.mvfrm
[618/951    0s] MovedFromExtractor Library/Bee/artifacts/mvdfrm/Unity.Collections.Editor.ref.dll_87547A3728288A2A.mvfrm
[619/951    0s] MovedFromExtractor Library/Bee/artifacts/mvdfrm/Unity.InputSystem.ref.dll_06424321BA44ABAB.mvfrm
[620/951    0s] MovedFromExtractor Library/Bee/artifacts/mvdfrm/Unity.Collections.Tests.CoreCLR.InternalJobNestedPrivate.ref.dll_C9D2401B45F34C7A.mvfrm
[621/951    0s] MovedFromExtractor Library/Bee/artifacts/mvdfrm/Unity.Collections.Tests.CoreCLR.PublicJobPrivateGeneric.ref.dll_45960028BE29E080.mvfrm
[622/951    0s] MovedFromExtractor-Combine Library/Bee/artifacts/2400b0aE.dag/Unity.VisualScripting.Core.dll.mvfrm
[623/951    0s] MovedFromExtractor-Combine Library/Bee/artifacts/2400b0aE.dag/Unity.InputSystem.ForUI.dll.mvfrm
[624/951    0s] MovedFromExtractor-Combine Library/Bee/artifacts/2400b0aE.dag/Unity.RenderPipelines.Core.Runtime.dll.mvfrm
[625/951    0s] MovedFromExtractor-Combine Library/Bee/artifacts/2400b0aE.dag/Unity.InputSystem.DocCodeSamples.dll.mvfrm
[           0s] Csc Library/Bee/artifacts/2400b0aE.dag/Unity.InputSystem.ForUI.dll (+2 others) [CacheMiss 963ec9f1c11810d24585f67d766ac9ab00000000000000000000000000000006]
[620/951    0s] Csc Library/Bee/artifacts/2400b0aE.dag/Unity.InputSystem.DocCodeSamples.dll (+2 others) [CacheHit ca682a45adfcddfa1d96df552935a1c400000000000000000000000000000006]
[626/951    0s] MovedFromExtractor-Combine Library/Bee/artifacts/2400b0aE.dag/Unity.InputSystem.TestFramework.dll.mvfrm
[627/951    0s] Csc Library/Bee/artifacts/2400b0aE.dag/Unity.InputSystem.DocCodeSamples.dll (+2 others)
[629/951    0s] MovedFromExtractor-Combine Library/Bee/artifacts/2400b0aE.dag/Unity.Pipeline.dll.mvfrm
[623/951    0s] Csc Library/Bee/artifacts/2400b0aE.dag/Unity.InputSystem.TestFramework.dll (+2 others) [CacheHit 6e50c2a1f5038325e66c846c86a4020500000000000000000000000000000006]
[630/951    0s] Csc Library/Bee/artifacts/2400b0aE.dag/Unity.InputSystem.TestFramework.dll (+2 others)
[           0s] Csc Library/Bee/artifacts/2400b0aE.dag/Unity.Pipeline.dll (+2 others) [CacheMiss 2a6fc44e1fdff6eabbea6127c2a913ef00000000000000000000000000000006]
[           0s] Csc Library/Bee/artifacts/2400b0aE.dag/Unity.RenderPipelines.Core.Runtime.dll (+2 others) [CacheMiss 260071b2aaa65646d4b99e9cf20c145e00000000000000000000000000000006]
[           0s] Csc Library/Bee/artifacts/2400b0aE.dag/Unity.VisualScripting.Core.dll (+2 others) [CacheMiss 2db6ea426581fd41ddad7fdc0f7f041200000000000000000000000000000006]
[632/951    1s] Csc Library/Bee/artifacts/2400b0aE.dag/Unity.Collections.CodeGen.dll (+2 others)
[           0s] Csc Library/Bee/artifacts/2400b0aE.dag/Unity.Collections.CodeGen.dll (+2 others) [CacheWrite 1475130c9ea0b1bf6ff8c53e8b56b07e00000000000000000000000000000006]
[633/951    0s] CopyFiles Library/ScriptAssemblies/Unity.Collections.CodeGen.pdb
[634/951    0s] CopyFiles Library/ScriptAssemblies/Unity.Collections.CodeGen.dll
[635/951    1s] Csc Library/Bee/artifacts/2400b0aE.dag/Unity.UnifiedRayTracing.Runtime.dll (+2 others)
[           0s] Csc Library/Bee/artifacts/2400b0aE.dag/Unity.UnifiedRayTracing.Runtime.dll (+2 others) [CacheWrite 3e0cd7f4eda392950619c11df728db7300000000000000000000000000000006]
[636/951    0s] ILPP-Configuration Library/ilpp-configuration.nevergeneratedoutput
[637/951    0s] MovedFromExtractor Library/Bee/artifacts/mvdfrm/Unity.UnifiedRayTracing.Runtime.ref.dll_3A55711EDCF371F6.mvfrm
[638/951    0s] Csc Library/Bee/artifacts/2400b0aE.dag/Unity.InputSystem.ForUI.dll (+2 others)
[           0s] Csc Library/Bee/artifacts/2400b0aE.dag/Unity.InputSystem.ForUI.dll (+2 others) [CacheWrite 963ec9f1c11810d24585f67d766ac9ab00000000000000000000000000000006]
[639/951    0s] MovedFromExtractor Library/Bee/artifacts/mvdfrm/Unity.InputSystem.ForUI.ref.dll_CFD7856823C3CD5A.mvfrm
[640/951    0s] MovedFromExtractor-Combine Library/Bee/artifacts/2400b0aE.dag/Unity.InputSystem.ForUI.Editor.dll.mvfrm
[           0s] Csc Library/Bee/artifacts/2400b0aE.dag/Unity.InputSystem.ForUI.Editor.dll (+2 others) [CacheMiss 9d0ca86a4a97236ff665293f222b50e900000000000000000000000000000006]
[641/951    0s] Csc Library/Bee/artifacts/2400b0aE.dag/Unity.InputSystem.ForUI.Editor.dll (+2 others)
[           0s] Csc Library/Bee/artifacts/2400b0aE.dag/Unity.InputSystem.ForUI.Editor.dll (+2 others) [CacheWrite 9d0ca86a4a97236ff665293f222b50e900000000000000000000000000000006]
[642/951    0s] MovedFromExtractor Library/Bee/artifacts/mvdfrm/Unity.InputSystem.ForUI.Editor.ref.dll_ABAE4D2CBCDD0DF7.mvfrm
[643/951    0s] ILPostProcess Library/Bee/artifacts/2400b0aE.dag/post-processed/Unity.InputSystem.ForUI.dll (+pdb)
Processing assembly Library/Bee/artifacts/2400b0aE.dag/Unity.InputSystem.ForUI.dll, with 138 defines and 310 references
processors: Unity.Jobs.CodeGen.JobsILPostProcessor, Unity.Pipeline.CodeGen.CodeReloadInPlaceILPostProcessor, zzzUnity.Burst.CodeGen.BurstILPostProcessor
1 processor(s) skipped this assembly
running Unity.Jobs.CodeGen.JobsILPostProcessor
running Unity.Pipeline.CodeGen.CodeReloadInPlaceILPostProcessor
[644/951    0s] ILPostProcess Library/Bee/artifacts/2400b0aE.dag/post-processed/Unity.Collections.Tests.CoreCLR.ProtectedJobNested.dll (+pdb)
Processing assembly Library/Bee/artifacts/2400b0aE.dag/Unity.Collections.Tests.CoreCLR.ProtectedJobNested.dll, with 138 defines and 310 references
processors: Unity.Jobs.CodeGen.JobsILPostProcessor, Unity.Pipeline.CodeGen.CodeReloadInPlaceILPostProcessor, zzzUnity.Burst.CodeGen.BurstILPostProcessor
1 processor(s) skipped this assembly
running Unity.Jobs.CodeGen.JobsILPostProcessor
running Unity.Pipeline.CodeGen.CodeReloadInPlaceILPostProcessor
[645/951    0s] ILPostProcess Library/Bee/artifacts/2400b0aE.dag/post-processed/Unity.RenderPipelines.ShaderGraph.ShaderGraphLibrary.dll (+pdb)
Processing assembly Library/Bee/artifacts/2400b0aE.dag/Unity.RenderPipelines.ShaderGraph.ShaderGraphLibrary.dll, with 138 defines and 309 references
processors: Unity.Jobs.CodeGen.JobsILPostProcessor, Unity.Pipeline.CodeGen.CodeReloadInPlaceILPostProcessor, zzzUnity.Burst.CodeGen.BurstILPostProcessor
1 processor(s) skipped this assembly
running Unity.Jobs.CodeGen.JobsILPostProcessor
running Unity.Pipeline.CodeGen.CodeReloadInPlaceILPostProcessor
[646/951    0s] ILPostProcess Library/Bee/artifacts/2400b0aE.dag/post-processed/Unity.Pipeline.Attributes.dll (+pdb)
Processing assembly Library/Bee/artifacts/2400b0aE.dag/Unity.Pipeline.Attributes.dll, with 138 defines and 309 references
processors: Unity.Jobs.CodeGen.JobsILPostProcessor, Unity.Pipeline.CodeGen.CodeReloadInPlaceILPostProcessor, zzzUnity.Burst.CodeGen.BurstILPostProcessor
1 processor(s) skipped this assembly
running Unity.Jobs.CodeGen.JobsILPostProcessor
running Unity.Pipeline.CodeGen.CodeReloadInPlaceILPostProcessor
[647/951    0s] ILPostProcess Library/Bee/artifacts/2400b0aE.dag/post-processed/Unity.Collections.Tests.CoreCLR.PublicJobPrivateGeneric.dll (+pdb)
Processing assembly Library/Bee/artifacts/2400b0aE.dag/Unity.Collections.Tests.CoreCLR.PublicJobPrivateGeneric.dll, with 138 defines and 310 references
processors: Unity.Jobs.CodeGen.JobsILPostProcessor, Unity.Pipeline.CodeGen.CodeReloadInPlaceILPostProcessor, zzzUnity.Burst.CodeGen.BurstILPostProcessor
1 processor(s) skipped this assembly
running Unity.Jobs.CodeGen.JobsILPostProcessor
running Unity.Pipeline.CodeGen.CodeReloadInPlaceILPostProcessor
[648/951    1s] ILPostProcess Library/Bee/artifacts/2400b0aE.dag/post-processed/Unity.Burst.dll (+pdb)
Processing assembly Library/Bee/artifacts/2400b0aE.dag/Unity.Burst.dll, with 138 defines and 309 references
processors: Unity.Jobs.CodeGen.JobsILPostProcessor, Unity.Pipeline.CodeGen.CodeReloadInPlaceILPostProcessor, zzzUnity.Burst.CodeGen.BurstILPostProcessor
running Unity.Jobs.CodeGen.JobsILPostProcessor
running Unity.Pipeline.CodeGen.CodeReloadInPlaceILPostProcessor
running zzzUnity.Burst.CodeGen.BurstILPostProcessor
[649/951    1s] ILPostProcess Library/Bee/artifacts/2400b0aE.dag/post-processed/Unity.PerformanceTesting.dll (+pdb)
Processing assembly Library/Bee/artifacts/2400b0aE.dag/Unity.PerformanceTesting.dll, with 139 defines and 288 references
processors: Unity.Jobs.CodeGen.JobsILPostProcessor, Unity.Pipeline.CodeGen.CodeReloadInPlaceILPostProcessor, zzzUnity.Burst.CodeGen.BurstILPostProcessor
1 processor(s) skipped this assembly
running Unity.Jobs.CodeGen.JobsILPostProcessor
running Unity.Pipeline.CodeGen.CodeReloadInPlaceILPostProcessor
[650/951    1s] ILPostProcess Library/Bee/artifacts/2400b0aE.dag/post-processed/Unity.AI.Navigation.dll (+pdb)
Processing assembly Library/Bee/artifacts/2400b0aE.dag/Unity.AI.Navigation.dll, with 139 defines and 309 references
processors: Unity.Jobs.CodeGen.JobsILPostProcessor, Unity.Pipeline.CodeGen.CodeReloadInPlaceILPostProcessor, zzzUnity.Burst.CodeGen.BurstILPostProcessor
1 processor(s) skipped this assembly
running Unity.Jobs.CodeGen.JobsILPostProcessor
running Unity.Pipeline.CodeGen.CodeReloadInPlaceILPostProcessor
[651/951    1s] ILPostProcess Library/Bee/artifacts/2400b0aE.dag/post-processed/Unity.RenderPipelines.Core.ShaderLibrary.dll (+pdb)
Processing assembly Library/Bee/artifacts/2400b0aE.dag/Unity.RenderPipelines.Core.ShaderLibrary.dll, with 138 defines and 309 references
processors: Unity.Jobs.CodeGen.JobsILPostProcessor, Unity.Pipeline.CodeGen.CodeReloadInPlaceILPostProcessor, zzzUnity.Burst.CodeGen.BurstILPostProcessor
1 processor(s) skipped this assembly
running Unity.Jobs.CodeGen.JobsILPostProcessor
running Unity.Pipeline.CodeGen.CodeReloadInPlaceILPostProcessor
[652/951    1s] ILPostProcess Library/Bee/artifacts/2400b0aE.dag/post-processed/Unity.InputSystem.TestFramework.dll (+pdb)
Processing assembly Library/Bee/artifacts/2400b0aE.dag/Unity.InputSystem.TestFramework.dll, with 140 defines and 290 references
processors: Unity.Jobs.CodeGen.JobsILPostProcessor, Unity.Pipeline.CodeGen.CodeReloadInPlaceILPostProcessor, zzzUnity.Burst.CodeGen.BurstILPostProcessor
1 processor(s) skipped this assembly
running Unity.Jobs.CodeGen.JobsILPostProcessor
running Unity.Pipeline.CodeGen.CodeReloadInPlaceILPostProcessor
[653/951    2s] Csc Library/Bee/artifacts/2400b0aE.dag/Unity.Pipeline.dll (+2 others)
[           0s] Csc Library/Bee/artifacts/2400b0aE.dag/Unity.Pipeline.dll (+2 others) [CacheWrite 2a6fc44e1fdff6eabbea6127c2a913ef00000000000000000000000000000006]
[654/951    0s] ILPostProcess Library/Bee/artifacts/2400b0aE.dag/post-processed/Unity.RenderPipelines.Universal.Shaders.dll (+pdb)
Processing assembly Library/Bee/artifacts/2400b0aE.dag/Unity.RenderPipelines.Universal.Shaders.dll, with 138 defines and 309 references
processors: Unity.Jobs.CodeGen.JobsILPostProcessor, Unity.Pipeline.CodeGen.CodeReloadInPlaceILPostProcessor, zzzUnity.Burst.CodeGen.BurstILPostProcessor
1 processor(s) skipped this assembly
running Unity.Jobs.CodeGen.JobsILPostProcessor
running Unity.Pipeline.CodeGen.CodeReloadInPlaceILPostProcessor
[655/951    0s] ILPostProcess Library/Bee/artifacts/2400b0aE.dag/post-processed/Unity.InternalAPIEngineBridge.RenderPipelines.Core.Runtime.Shared.dll (+pdb)
Processing assembly Library/Bee/artifacts/2400b0aE.dag/Unity.InternalAPIEngineBridge.RenderPipelines.Core.Runtime.Shared.dll, with 138 defines and 309 references
processors: Unity.Jobs.CodeGen.JobsILPostProcessor, Unity.Pipeline.CodeGen.CodeReloadInPlaceILPostProcessor, zzzUnity.Burst.CodeGen.BurstILPostProcessor
1 processor(s) skipped this assembly
running Unity.Jobs.CodeGen.JobsILPostProcessor
running Unity.Pipeline.CodeGen.CodeReloadInPlaceILPostProcessor
[656/951    0s] ILPostProcess Library/Bee/artifacts/2400b0aE.dag/post-processed/UnityEngine.TestRunner.dll (+pdb)
Processing assembly Library/Bee/artifacts/2400b0aE.dag/UnityEngine.TestRunner.dll, with 139 defines and 285 references
processors: Unity.Jobs.CodeGen.JobsILPostProcessor, Unity.Pipeline.CodeGen.CodeReloadInPlaceILPostProcessor, zzzUnity.Burst.CodeGen.BurstILPostProcessor
1 processor(s) skipped this assembly
running Unity.Jobs.CodeGen.JobsILPostProcessor
running Unity.Pipeline.CodeGen.CodeReloadInPlaceILPostProcessor
[657/951    0s] MovedFromExtractor Library/Bee/artifacts/mvdfrm/Unity.Pipeline.ref.dll_B66AC1094E528536.mvfrm
[658/951    0s] ILPostProcess Library/Bee/artifacts/2400b0aE.dag/post-processed/Unity.Collections.Tests.CoreCLR.InternalJobNestedPrivate.dll (+pdb)
Processing assembly Library/Bee/artifacts/2400b0aE.dag/Unity.Collections.Tests.CoreCLR.InternalJobNestedPrivate.dll, with 138 defines and 310 references
processors: Unity.Jobs.CodeGen.JobsILPostProcessor, Unity.Pipeline.CodeGen.CodeReloadInPlaceILPostProcessor, zzzUnity.Burst.CodeGen.BurstILPostProcessor
1 processor(s) skipped this assembly
running Unity.Jobs.CodeGen.JobsILPostProcessor
running Unity.Pipeline.CodeGen.CodeReloadInPlaceILPostProcessor
[659/951    1s] ILPostProcess Library/Bee/artifacts/2400b0aE.dag/post-processed/Unity.Pipeline.IlInterpreter.dll (+pdb)
Processing assembly Library/Bee/artifacts/2400b0aE.dag/Unity.Pipeline.IlInterpreter.dll, with 138 defines and 296 references
processors: Unity.Jobs.CodeGen.JobsILPostProcessor, Unity.Pipeline.CodeGen.CodeReloadInPlaceILPostProcessor, zzzUnity.Burst.CodeGen.BurstILPostProcessor
1 processor(s) skipped this assembly
running Unity.Jobs.CodeGen.JobsILPostProcessor
running Unity.Pipeline.CodeGen.CodeReloadInPlaceILPostProcessor
[660/951    0s] MovedFromExtractor-Combine Library/Bee/artifacts/2400b0aE.dag/Unity.Pipeline.Editor.dll.mvfrm
[           0s] Csc Library/Bee/artifacts/2400b0aE.dag/Unity.Pipeline.Editor.dll (+2 others) [CacheMiss 96c580d8e796333c59827f774d60cb6d00000000000000000000000000000006]
[661/951    0s] ILPostProcess Library/Bee/artifacts/2400b0aE.dag/post-processed/Unity.Collections.Tests.CoreCLR.PrivateJobNested.dll (+pdb)
Processing assembly Library/Bee/artifacts/2400b0aE.dag/Unity.Collections.Tests.CoreCLR.PrivateJobNested.dll, with 138 defines and 310 references
processors: Unity.Jobs.CodeGen.JobsILPostProcessor, Unity.Pipeline.CodeGen.CodeReloadInPlaceILPostProcessor, zzzUnity.Burst.CodeGen.BurstILPostProcessor
1 processor(s) skipped this assembly
running Unity.Jobs.CodeGen.JobsILPostProcessor
running Unity.Pipeline.CodeGen.CodeReloadInPlaceILPostProcessor
[662/951    0s] ILPostProcess Library/Bee/artifacts/2400b0aE.dag/post-processed/Unity.Profiling.Core.dll (+pdb)
Processing assembly Library/Bee/artifacts/2400b0aE.dag/Unity.Profiling.Core.dll, with 138 defines and 309 references
processors: Unity.Jobs.CodeGen.JobsILPostProcessor, Unity.Pipeline.CodeGen.CodeReloadInPlaceILPostProcessor, zzzUnity.Burst.CodeGen.BurstILPostProcessor
1 processor(s) skipped this assembly
running Unity.Jobs.CodeGen.JobsILPostProcessor
running Unity.Pipeline.CodeGen.CodeReloadInPlaceILPostProcessor
[663/951    0s] ILPostProcess Library/Bee/artifacts/2400b0aE.dag/post-processed/Unity.InternalAPIEngineBridge.ObjectDispatcher.Runtime.dll (+pdb)
Processing assembly Library/Bee/artifacts/2400b0aE.dag/Unity.InternalAPIEngineBridge.ObjectDispatcher.Runtime.dll, with 138 defines and 309 references
processors: Unity.Jobs.CodeGen.JobsILPostProcessor, Unity.Pipeline.CodeGen.CodeReloadInPlaceILPostProcessor, zzzUnity.Burst.CodeGen.BurstILPostProcessor
1 processor(s) skipped this assembly
running Unity.Jobs.CodeGen.JobsILPostProcessor
running Unity.Pipeline.CodeGen.CodeReloadInPlaceILPostProcessor
[664/951    0s] ILPostProcess Library/Bee/artifacts/2400b0aE.dag/post-processed/Unity.Timeline.dll (+pdb)
Processing assembly Library/Bee/artifacts/2400b0aE.dag/Unity.Timeline.dll, with 139 defines and 309 references
processors: Unity.Jobs.CodeGen.JobsILPostProcessor, Unity.Pipeline.CodeGen.CodeReloadInPlaceILPostProcessor, zzzUnity.Burst.CodeGen.BurstILPostProcessor
1 processor(s) skipped this assembly
running Unity.Jobs.CodeGen.JobsILPostProcessor
running Unity.Pipeline.CodeGen.CodeReloadInPlaceILPostProcessor
[665/951    0s] ILPostProcess Library/Bee/artifacts/2400b0aE.dag/post-processed/Unity.InternalAPIEngineBridge.004.dll (+pdb)
Processing assembly Library/Bee/artifacts/2400b0aE.dag/Unity.InternalAPIEngineBridge.004.dll, with 138 defines and 309 references
processors: Unity.Jobs.CodeGen.JobsILPostProcessor, Unity.Pipeline.CodeGen.CodeReloadInPlaceILPostProcessor, zzzUnity.Burst.CodeGen.BurstILPostProcessor
1 processor(s) skipped this assembly
running Unity.Jobs.CodeGen.JobsILPostProcessor
running Unity.Pipeline.CodeGen.CodeReloadInPlaceILPostProcessor
[666/951    0s] ILPostProcess Library/Bee/artifacts/2400b0aE.dag/post-processed/Unity.InputSystem.ForUI.Editor.dll (+pdb)
Processing assembly Library/Bee/artifacts/2400b0aE.dag/Unity.InputSystem.ForUI.Editor.dll, with 136 defines and 322 references
processors: Unity.Jobs.CodeGen.JobsILPostProcessor, Unity.Pipeline.CodeGen.CodeReloadInPlaceILPostProcessor, zzzUnity.Burst.CodeGen.BurstILPostProcessor
1 processor(s) skipped this assembly
running Unity.Jobs.CodeGen.JobsILPostProcessor
running Unity.Pipeline.CodeGen.CodeReloadInPlaceILPostProcessor
[667/951    0s] ILPostProcess Library/Bee/artifacts/2400b0aE.dag/post-processed/Unity.InputSystem.DocCodeSamples.dll (+pdb)
Processing assembly Library/Bee/artifacts/2400b0aE.dag/Unity.InputSystem.DocCodeSamples.dll, with 136 defines and 301 references
processors: Unity.Jobs.CodeGen.JobsILPostProcessor, Unity.Pipeline.CodeGen.CodeReloadInPlaceILPostProcessor, zzzUnity.Burst.CodeGen.BurstILPostProcessor
1 processor(s) skipped this assembly
running Unity.Jobs.CodeGen.JobsILPostProcessor
running Unity.Pipeline.CodeGen.CodeReloadInPlaceILPostProcessor
[668/951    0s] ILPostProcess Library/Bee/artifacts/2400b0aE.dag/post-processed/Unity.Searcher.Editor.dll (+pdb)
Processing assembly Library/Bee/artifacts/2400b0aE.dag/Unity.Searcher.Editor.dll, with 136 defines and 320 references
processors: Unity.Jobs.CodeGen.JobsILPostProcessor, Unity.Pipeline.CodeGen.CodeReloadInPlaceILPostProcessor, zzzUnity.Burst.CodeGen.BurstILPostProcessor
1 processor(s) skipped this assembly
running Unity.Jobs.CodeGen.JobsILPostProcessor
running Unity.Pipeline.CodeGen.CodeReloadInPlaceILPostProcessor
[669/951    0s] ILPostProcess Library/Bee/artifacts/2400b0aE.dag/post-processed/Unity.ShaderGraph.Utilities.dll (+pdb)
Processing assembly Library/Bee/artifacts/2400b0aE.dag/Unity.ShaderGraph.Utilities.dll, with 136 defines and 320 references
processors: Unity.Jobs.CodeGen.JobsILPostProcessor, Unity.Pipeline.CodeGen.CodeReloadInPlaceILPostProcessor, zzzUnity.Burst.CodeGen.BurstILPostProcessor
1 processor(s) skipped this assembly
running Unity.Jobs.CodeGen.JobsILPostProcessor
running Unity.Pipeline.CodeGen.CodeReloadInPlaceILPostProcessor
[670/951    0s] ILPostProcess Library/Bee/artifacts/2400b0aE.dag/post-processed/Unity.PerformanceTesting.Editor.dll (+pdb)
Processing assembly Library/Bee/artifacts/2400b0aE.dag/Unity.PerformanceTesting.Editor.dll, with 137 defines and 301 references
processors: Unity.Jobs.CodeGen.JobsILPostProcessor, Unity.Pipeline.CodeGen.CodeReloadInPlaceILPostProcessor, zzzUnity.Burst.CodeGen.BurstILPostProcessor
1 processor(s) skipped this assembly
running Unity.Jobs.CodeGen.JobsILPostProcessor
running Unity.Pipeline.CodeGen.CodeReloadInPlaceILPostProcessor
[671/951    1s] ILPostProcess Library/Bee/artifacts/2400b0aE.dag/post-processed/Unity.UnifiedRayTracing.Runtime.dll (+pdb)
Processing assembly Library/Bee/artifacts/2400b0aE.dag/Unity.UnifiedRayTracing.Runtime.dll, with 140 defines and 311 references
processors: Unity.Jobs.CodeGen.JobsILPostProcessor, Unity.Pipeline.CodeGen.CodeReloadInPlaceILPostProcessor, zzzUnity.Burst.CodeGen.BurstILPostProcessor
running Unity.Jobs.CodeGen.JobsILPostProcessor
running Unity.Pipeline.CodeGen.CodeReloadInPlaceILPostProcessor
running zzzUnity.Burst.CodeGen.BurstILPostProcessor
[672/951    0s] ILPostProcess Library/Bee/artifacts/2400b0aE.dag/post-processed/Unity.InternalAPIEditorBridge.ShaderGraph.Editor.dll (+pdb)
Processing assembly Library/Bee/artifacts/2400b0aE.dag/Unity.InternalAPIEditorBridge.ShaderGraph.Editor.dll, with 136 defines and 320 references
processors: Unity.Jobs.CodeGen.JobsILPostProcessor, Unity.Pipeline.CodeGen.CodeReloadInPlaceILPostProcessor, zzzUnity.Burst.CodeGen.BurstILPostProcessor
1 processor(s) skipped this assembly
running Unity.Jobs.CodeGen.JobsILPostProcessor
running Unity.Pipeline.CodeGen.CodeReloadInPlaceILPostProcessor
[673/951    0s] ILPostProcess Library/Bee/artifacts/2400b0aE.dag/post-processed/Unity.Collections.Editor.dll (+pdb)
Processing assembly Library/Bee/artifacts/2400b0aE.dag/Unity.Collections.Editor.dll, with 137 defines and 321 references
processors: Unity.Jobs.CodeGen.JobsILPostProcessor, Unity.Pipeline.CodeGen.CodeReloadInPlaceILPostProcessor, zzzUnity.Burst.CodeGen.BurstILPostProcessor
1 processor(s) skipped this assembly
running Unity.Jobs.CodeGen.JobsILPostProcessor
running Unity.Pipeline.CodeGen.CodeReloadInPlaceILPostProcessor
[674/951    0s] ILPostProcess Library/Bee/artifacts/2400b0aE.dag/post-processed/Unity.AI.Navigation.Editor.dll (+pdb)
Processing assembly Library/Bee/artifacts/2400b0aE.dag/Unity.AI.Navigation.Editor.dll, with 137 defines and 322 references
processors: Unity.Jobs.CodeGen.JobsILPostProcessor, Unity.Pipeline.CodeGen.CodeReloadInPlaceILPostProcessor, zzzUnity.Burst.CodeGen.BurstILPostProcessor
1 processor(s) skipped this assembly
running Unity.Jobs.CodeGen.JobsILPostProcessor
running Unity.Pipeline.CodeGen.CodeReloadInPlaceILPostProcessor
[675/951    0s] ILPostProcess Library/Bee/artifacts/2400b0aE.dag/post-processed/Unity.Rendering.LightTransport.Editor.dll (+pdb)
Processing assembly Library/Bee/artifacts/2400b0aE.dag/Unity.Rendering.LightTransport.Editor.dll, with 136 defines and 320 references
processors: Unity.Jobs.CodeGen.JobsILPostProcessor, Unity.Pipeline.CodeGen.CodeReloadInPlaceILPostProcessor, zzzUnity.Burst.CodeGen.BurstILPostProcessor
1 processor(s) skipped this assembly
running Unity.Jobs.CodeGen.JobsILPostProcessor
running Unity.Pipeline.CodeGen.CodeReloadInPlaceILPostProcessor
[676/951    0s] ILPostProcess Library/Bee/artifacts/2400b0aE.dag/post-processed/UnityEditor.UI.dll (+pdb)
Processing assembly Library/Bee/artifacts/2400b0aE.dag/UnityEditor.UI.dll, with 139 defines and 319 references
processors: Unity.Jobs.CodeGen.JobsILPostProcessor, Unity.Pipeline.CodeGen.CodeReloadInPlaceILPostProcessor, zzzUnity.Burst.CodeGen.BurstILPostProcessor
1 processor(s) skipped this assembly
running Unity.Jobs.CodeGen.JobsILPostProcessor
running Unity.Pipeline.CodeGen.CodeReloadInPlaceILPostProcessor
[677/951   16s] Csc Library/Bee/artifacts/2400b0aE.dag/Unity.PlasticSCM.Editor.dll (+2 others)
[           0s] Csc Library/Bee/artifacts/2400b0aE.dag/Unity.PlasticSCM.Editor.dll (+2 others) [CacheWrite 22a0985a8470dc2f80b3670b4f97369100000000000000000000000000000006]
[678/951    0s] ILPostProcess Library/Bee/artifacts/2400b0aE.dag/post-processed/Unity.AI.Navigation.Editor.ConversionSystem.dll (+pdb)
Processing assembly Library/Bee/artifacts/2400b0aE.dag/Unity.AI.Navigation.Editor.ConversionSystem.dll, with 136 defines and 320 references
processors: Unity.Jobs.CodeGen.JobsILPostProcessor, Unity.Pipeline.CodeGen.CodeReloadInPlaceILPostProcessor, zzzUnity.Burst.CodeGen.BurstILPostProcessor
1 processor(s) skipped this assembly
running Unity.Jobs.CodeGen.JobsILPostProcessor
running Unity.Pipeline.CodeGen.CodeReloadInPlaceILPostProcessor
[679/951    0s] ILPostProcess Library/Bee/artifacts/2400b0aE.dag/post-processed/UnityEditor.UI.Analytics.dll (+pdb)
Processing assembly Library/Bee/artifacts/2400b0aE.dag/UnityEditor.UI.Analytics.dll, with 136 defines and 321 references
processors: Unity.Jobs.CodeGen.JobsILPostProcessor, Unity.Pipeline.CodeGen.CodeReloadInPlaceILPostProcessor, zzzUnity.Burst.CodeGen.BurstILPostProcessor
1 processor(s) skipped this assembly
running Unity.Jobs.CodeGen.JobsILPostProcessor
running Unity.Pipeline.CodeGen.CodeReloadInPlaceILPostProcessor
[680/951    1s] ILPostProcess Library/Bee/artifacts/2400b0aE.dag/post-processed/Unity.Pipeline.dll (+pdb)
Processing assembly Library/Bee/artifacts/2400b0aE.dag/Unity.Pipeline.dll, with 140 defines and 295 references
processors: Unity.Jobs.CodeGen.JobsILPostProcessor, Unity.Pipeline.CodeGen.CodeReloadInPlaceILPostProcessor, zzzUnity.Burst.CodeGen.BurstILPostProcessor
1 processor(s) skipped this assembly
running Unity.Jobs.CodeGen.JobsILPostProcessor
running Unity.Pipeline.CodeGen.CodeReloadInPlaceILPostProcessor
[681/951    0s] CopyFiles Library/ScriptAssemblies/Unity.RenderPipelines.ShaderGraph.ShaderGraphLibrary.dll
[682/951    0s] CopyFiles Library/ScriptAssemblies/Unity.InputSystem.ForUI.dll
[683/951    0s] CopyFiles Library/ScriptAssemblies/Unity.Collections.Tests.CoreCLR.PublicJobPrivateGeneric.dll
[684/951    0s] CopyFiles Library/ScriptAssemblies/Unity.Collections.Tests.CoreCLR.ProtectedJobNested.dll
[685/951    0s] CopyFiles Library/ScriptAssemblies/Unity.InternalAPIEngineBridge.ObjectDispatcher.Runtime.dll
[686/951    0s] CopyFiles Library/ScriptAssemblies/Unity.RenderPipelines.Universal.Shaders.dll
[687/951    0s] CopyFiles Library/ScriptAssemblies/Unity.AI.Navigation.dll
[688/951    0s] CopyFiles Library/ScriptAssemblies/Unity.Collections.Tests.CoreCLR.PrivateJobNested.dll
[689/951    0s] CopyFiles Library/ScriptAssemblies/Unity.Profiling.Core.dll
[690/951    0s] CopyFiles Library/ScriptAssemblies/Unity.Collections.Tests.CoreCLR.InternalJobNestedPrivate.dll
[691/951    0s] CopyFiles Library/ScriptAssemblies/Unity.Pipeline.Attributes.dll
[692/951    0s] CopyFiles Library/ScriptAssemblies/Unity.RenderPipelines.Core.ShaderLibrary.dll
[693/951    0s] CopyFiles Library/ScriptAssemblies/Unity.InternalAPIEngineBridge.RenderPipelines.Core.Runtime.Shared.dll
[694/951    0s] CopyFiles Library/ScriptAssemblies/Unity.InternalAPIEngineBridge.004.dll
[695/951    0s] CopyFiles Library/ScriptAssemblies/Unity.Pipeline.IlInterpreter.dll
[696/951    0s] CopyFiles Library/ScriptAssemblies/Unity.UnifiedRayTracing.Runtime.dll
[697/951    0s] CopyFiles Library/ScriptAssemblies/Unity.Pipeline.dll
[698/951    0s] CopyFiles Library/ScriptAssemblies/Unity.Burst.dll
[699/951    0s] CopyFiles Library/ScriptAssemblies/Unity.InputSystem.TestFramework.dll
[700/951    0s] CopyFiles Library/ScriptAssemblies/Unity.PerformanceTesting.dll
[701/951    0s] CopyFiles Library/ScriptAssemblies/Unity.Timeline.dll
[702/951    0s] CopyFiles Library/ScriptAssemblies/UnityEngine.TestRunner.dll
[703/951    0s] CopyFiles Library/ScriptAssemblies/Unity.Searcher.Editor.pdb
[704/951    0s] CopyFiles Library/ScriptAssemblies/UnityEditor.UI.dll
[705/951    0s] CopyFiles Library/ScriptAssemblies/Unity.InputSystem.ForUI.Editor.pdb
[706/951    0s] CopyFiles Library/ScriptAssemblies/Unity.Collections.Editor.dll
[707/951    0s] CopyFiles Library/ScriptAssemblies/Unity.Profiling.Core.pdb
[708/951    0s] CopyFiles Library/ScriptAssemblies/Unity.InputSystem.TestFramework.pdb
[709/951    0s] CopyFiles Library/ScriptAssemblies/Unity.AI.Navigation.pdb
[710/951    0s] CopyFiles Library/ScriptAssemblies/Unity.InternalAPIEditorBridge.ShaderGraph.Editor.pdb
[711/951    0s] CopyFiles Library/ScriptAssemblies/Unity.AI.Navigation.Editor.ConversionSystem.pdb
[712/951    0s] CopyFiles Library/ScriptAssemblies/Unity.PerformanceTesting.pdb
[713/951    0s] CopyFiles Library/ScriptAssemblies/Unity.AI.Navigation.Editor.dll
[714/951    0s] CopyFiles Library/ScriptAssemblies/Unity.Searcher.Editor.dll
[715/951    0s] CopyFiles Library/ScriptAssemblies/Unity.InternalAPIEngineBridge.ObjectDispatcher.Runtime.pdb
[716/951    0s] CopyFiles Library/ScriptAssemblies/UnityEditor.UI.Analytics.dll
[717/951    0s] CopyFiles Library/ScriptAssemblies/UnityEngine.TestRunner.pdb
[718/951    0s] CopyFiles Library/ScriptAssemblies/Unity.RenderPipelines.ShaderGraph.ShaderGraphLibrary.pdb
[719/951    0s] CopyFiles Library/ScriptAssemblies/Unity.Collections.Editor.pdb
[720/951    0s] CopyFiles Library/ScriptAssemblies/Unity.ShaderGraph.Utilities.pdb
[721/951    0s] CopyFiles Library/ScriptAssemblies/Unity.Timeline.pdb
[722/951    0s] CopyFiles Library/ScriptAssemblies/Unity.Rendering.LightTransport.Editor.pdb
[723/951    0s] CopyFiles Library/ScriptAssemblies/Unity.InputSystem.DocCodeSamples.pdb
[724/951    0s] CopyFiles Library/ScriptAssemblies/Unity.InputSystem.DocCodeSamples.dll
[725/951    0s] CopyFiles Library/ScriptAssemblies/Unity.InputSystem.ForUI.pdb
[726/951    0s] CopyFiles Library/ScriptAssemblies/Unity.Pipeline.IlInterpreter.pdb
[727/951    0s] CopyFiles Library/ScriptAssemblies/Unity.ShaderGraph.Utilities.dll
[728/951    0s] CopyFiles Library/ScriptAssemblies/Unity.Rendering.LightTransport.Editor.dll
[729/951    0s] CopyFiles Library/ScriptAssemblies/Unity.Collections.Tests.CoreCLR.ProtectedJobNested.pdb
[730/951    0s] CopyFiles Library/ScriptAssemblies/Unity.AI.Navigation.Editor.ConversionSystem.dll
[731/951    0s] CopyFiles Library/ScriptAssemblies/UnityEditor.UI.pdb
[732/951    0s] CopyFiles Library/ScriptAssemblies/Unity.AI.Navigation.Editor.pdb
[733/951    0s] CopyFiles Library/ScriptAssemblies/Unity.InternalAPIEditorBridge.ShaderGraph.Editor.dll
[734/951    0s] CopyFiles Library/ScriptAssemblies/Unity.Collections.Tests.CoreCLR.InternalJobNestedPrivate.pdb
[735/951    0s] CopyFiles Library/ScriptAssemblies/Unity.InputSystem.ForUI.Editor.dll
[736/951    0s] CopyFiles Library/ScriptAssemblies/UnityEditor.UI.Analytics.pdb
[737/951    0s] CopyFiles Library/ScriptAssemblies/Unity.Collections.Tests.CoreCLR.PublicJobPrivateGeneric.pdb
[738/951    0s] CopyFiles Library/ScriptAssemblies/Unity.InternalAPIEngineBridge.004.pdb
[739/951    0s] CopyFiles Library/ScriptAssemblies/Unity.UnifiedRayTracing.Runtime.pdb
[740/951    0s] CopyFiles Library/ScriptAssemblies/Unity.RenderPipelines.Universal.Shaders.pdb
[741/951    0s] CopyFiles Library/ScriptAssemblies/Unity.PerformanceTesting.Editor.dll
[742/951    0s] CopyFiles Library/ScriptAssemblies/Unity.PerformanceTesting.Editor.pdb
[743/951    0s] CopyFiles Library/ScriptAssemblies/Unity.RenderPipelines.Core.ShaderLibrary.pdb
[744/951    0s] CopyFiles Library/ScriptAssemblies/Unity.Collections.Tests.CoreCLR.PrivateJobNested.pdb
[745/951    0s] CopyFiles Library/ScriptAssemblies/Unity.Burst.pdb
[746/951    0s] CopyFiles Library/ScriptAssemblies/Unity.Pipeline.pdb
[747/951    0s] CopyFiles Library/ScriptAssemblies/Unity.Pipeline.Attributes.pdb
[748/951    0s] CopyFiles Library/ScriptAssemblies/Unity.InternalAPIEngineBridge.RenderPipelines.Core.Runtime.Shared.pdb
[749/951    0s] ILPostProcess Library/Bee/artifacts/2400b0aE.dag/post-processed/Unity.AI.Navigation.Updater.dll (+pdb)
Processing assembly Library/Bee/artifacts/2400b0aE.dag/Unity.AI.Navigation.Updater.dll, with 136 defines and 323 references
processors: Unity.Jobs.CodeGen.JobsILPostProcessor, Unity.Pipeline.CodeGen.CodeReloadInPlaceILPostProcessor, zzzUnity.Burst.CodeGen.BurstILPostProcessor
1 processor(s) skipped this assembly
running Unity.Jobs.CodeGen.JobsILPostProcessor
running Unity.Pipeline.CodeGen.CodeReloadInPlaceILPostProcessor
[750/951    0s] CopyFiles Library/ScriptAssemblies/Unity.AI.Navigation.Updater.pdb
[751/951    0s] CopyFiles Library/ScriptAssemblies/Unity.AI.Navigation.Updater.dll
[752/951    1s] ILPostProcess Library/Bee/artifacts/2400b0aE.dag/post-processed/Unity.TextMeshPro.dll (+pdb)
Processing assembly Library/Bee/artifacts/2400b0aE.dag/Unity.TextMeshPro.dll, with 139 defines and 310 references
processors: Unity.Jobs.CodeGen.JobsILPostProcessor, Unity.Pipeline.CodeGen.CodeReloadInPlaceILPostProcessor, zzzUnity.Burst.CodeGen.BurstILPostProcessor
1 processor(s) skipped this assembly
running Unity.Jobs.CodeGen.JobsILPostProcessor
running Unity.Pipeline.CodeGen.CodeReloadInPlaceILPostProcessor
[753/951    1s] ILPostProcess Library/Bee/artifacts/2400b0aE.dag/post-processed/UnityEngine.UI.dll (+pdb)
Processing assembly Library/Bee/artifacts/2400b0aE.dag/UnityEngine.UI.dll, with 144 defines and 307 references
processors: Unity.Jobs.CodeGen.JobsILPostProcessor, Unity.Pipeline.CodeGen.CodeReloadInPlaceILPostProcessor, zzzUnity.Burst.CodeGen.BurstILPostProcessor
1 processor(s) skipped this assembly
running Unity.Jobs.CodeGen.JobsILPostProcessor
running Unity.Pipeline.CodeGen.CodeReloadInPlaceILPostProcessor
[754/951    0s] CopyFiles Library/ScriptAssemblies/UnityEngine.UI.pdb
[755/951    0s] CopyFiles Library/ScriptAssemblies/UnityEngine.UI.dll
[756/951    0s] CopyFiles Library/ScriptAssemblies/Unity.TextMeshPro.pdb
[757/951    0s] CopyFiles Library/ScriptAssemblies/Unity.TextMeshPro.dll
[758/951    0s] ILPostProcess Library/Bee/artifacts/2400b0aE.dag/post-processed/Unity.GraphAuthoring.Editor.dll (+pdb)
Processing assembly Library/Bee/artifacts/2400b0aE.dag/Unity.GraphAuthoring.Editor.dll, with 136 defines and 320 references
processors: Unity.Jobs.CodeGen.JobsILPostProcessor, Unity.Pipeline.CodeGen.CodeReloadInPlaceILPostProcessor, zzzUnity.Burst.CodeGen.BurstILPostProcessor
1 processor(s) skipped this assembly
running Unity.Jobs.CodeGen.JobsILPostProcessor
running Unity.Pipeline.CodeGen.CodeReloadInPlaceILPostProcessor
[759/951    0s] CopyFiles Library/ScriptAssemblies/Unity.GraphAuthoring.Editor.pdb
[760/951    0s] CopyFiles Library/ScriptAssemblies/Unity.GraphAuthoring.Editor.dll
[761/951    1s] ILPostProcess Library/Bee/artifacts/2400b0aE.dag/post-processed/Unity.InternalAPIEngineBridge.RenderPipelines.Core.Editor.dll (+pdb)
Processing assembly Library/Bee/artifacts/2400b0aE.dag/Unity.InternalAPIEngineBridge.RenderPipelines.Core.Editor.dll, with 136 defines and 320 references
processors: Unity.Jobs.CodeGen.JobsILPostProcessor, Unity.Pipeline.CodeGen.CodeReloadInPlaceILPostProcessor, zzzUnity.Burst.CodeGen.BurstILPostProcessor
1 processor(s) skipped this assembly
running Unity.Jobs.CodeGen.JobsILPostProcessor
running Unity.Pipeline.CodeGen.CodeReloadInPlaceILPostProcessor
[762/951    1s] ILPostProcess Library/Bee/artifacts/2400b0aE.dag/post-processed/UnityEditor.TestRunner.dll (+pdb)
Processing assembly Library/Bee/artifacts/2400b0aE.dag/UnityEditor.TestRunner.dll, with 137 defines and 301 references
processors: Unity.Jobs.CodeGen.JobsILPostProcessor, Unity.Pipeline.CodeGen.CodeReloadInPlaceILPostProcessor, zzzUnity.Burst.CodeGen.BurstILPostProcessor
1 processor(s) skipped this assembly
running Unity.Jobs.CodeGen.JobsILPostProcessor
running Unity.Pipeline.CodeGen.CodeReloadInPlaceILPostProcessor
[763/951    0s] CopyFiles Library/ScriptAssemblies/Unity.InternalAPIEngineBridge.RenderPipelines.Core.Editor.pdb
[764/951    0s] CopyFiles Library/ScriptAssemblies/Unity.InternalAPIEngineBridge.RenderPipelines.Core.Editor.dll
[765/951    0s] CopyFiles Library/ScriptAssemblies/UnityEditor.TestRunner.dll
[766/951    0s] CopyFiles Library/ScriptAssemblies/UnityEditor.TestRunner.pdb
[767/951    1s] MovedFromExtractor Library/Bee/artifacts/mvdfrm/Unity.PlasticSCM.Editor.ref.dll_F0D9BA1F3F167740.mvfrm
[768/951    0s] MovedFromExtractor-Combine Library/Bee/artifacts/2400b0aE.dag/Unity.CollabProxy.Editor.dll.mvfrm
[769/951    0s] MovedFromExtractor-Combine Library/Bee/artifacts/2400b0aE.dag/Unity.PlasticSCM.Editor.Entities.dll.mvfrm
[770/951    0s] MovedFromExtractor-Combine Library/Bee/artifacts/2400b0aE.dag/Unity.PlasticSCM.Editor.Assistant.dll.mvfrm
[           0s] Csc Library/Bee/artifacts/2400b0aE.dag/Unity.CollabProxy.Editor.dll (+2 others) [CacheMiss e2220128cc83de081a74edf2d631d44500000000000000000000000000000006]
[           0s] Csc Library/Bee/artifacts/2400b0aE.dag/Unity.PlasticSCM.Editor.Entities.dll (+2 others) [CacheMiss 234d50dd5e17d505c16dc83e2fb4e87200000000000000000000000000000006]
[771/951    4s] Csc Library/Bee/artifacts/2400b0aE.dag/Unity.VisualScripting.Core.dll (+2 others)
[           0s] Csc Library/Bee/artifacts/2400b0aE.dag/Unity.VisualScripting.Core.dll (+2 others) [CacheWrite 2db6ea426581fd41ddad7fdc0f7f041200000000000000000000000000000006]
[           0s] Csc Library/Bee/artifacts/2400b0aE.dag/Unity.PlasticSCM.Editor.Assistant.dll (+2 others) [CacheMiss 62bfa8d1653ef90e20c2eb8cedad79a800000000000000000000000000000006]
[772/951    2s] ILPostProcess Library/Bee/artifacts/2400b0aE.dag/post-processed/Unity.Timeline.Editor.dll (+pdb)
Processing assembly Library/Bee/artifacts/2400b0aE.dag/Unity.Timeline.Editor.dll, with 137 defines and 321 references
processors: Unity.Jobs.CodeGen.JobsILPostProcessor, Unity.Pipeline.CodeGen.CodeReloadInPlaceILPostProcessor, zzzUnity.Burst.CodeGen.BurstILPostProcessor
1 processor(s) skipped this assembly
running Unity.Jobs.CodeGen.JobsILPostProcessor
running Unity.Pipeline.CodeGen.CodeReloadInPlaceILPostProcessor
[773/951    0s] CopyFiles Library/ScriptAssemblies/Unity.Timeline.Editor.pdb
[774/951    0s] CopyFiles Library/ScriptAssemblies/Unity.Timeline.Editor.dll
[775/951    4s] ILPostProcess Library/Bee/artifacts/2400b0aE.dag/post-processed/Unity.InputSystem.dll (+pdb)
Processing assembly Library/Bee/artifacts/2400b0aE.dag/Unity.InputSystem.dll, with 151 defines and 309 references
processors: Unity.Jobs.CodeGen.JobsILPostProcessor, Unity.Pipeline.CodeGen.CodeReloadInPlaceILPostProcessor, zzzUnity.Burst.CodeGen.BurstILPostProcessor
1 processor(s) skipped this assembly
running Unity.Jobs.CodeGen.JobsILPostProcessor
running Unity.Pipeline.CodeGen.CodeReloadInPlaceILPostProcessor
[776/951    0s] Csc Library/Bee/artifacts/2400b0aE.dag/Unity.PlasticSCM.Editor.Entities.dll (+2 others)
[777/951    0s] CopyFiles Library/ScriptAssemblies/Unity.InputSystem.pdb
[778/951    0s] CopyFiles Library/ScriptAssemblies/Unity.InputSystem.dll
[           0s] Csc Library/Bee/artifacts/2400b0aE.dag/Unity.PlasticSCM.Editor.Entities.dll (+2 others) [CacheWrite 234d50dd5e17d505c16dc83e2fb4e87200000000000000000000000000000006]
[779/951    0s] Csc Library/Bee/artifacts/2400b0aE.dag/Unity.PlasticSCM.Editor.Assistant.dll (+2 others)
[           0s] Csc Library/Bee/artifacts/2400b0aE.dag/Unity.PlasticSCM.Editor.Assistant.dll (+2 others) [CacheWrite 62bfa8d1653ef90e20c2eb8cedad79a800000000000000000000000000000006]
[780/951    0s] ILPostProcess Library/Bee/artifacts/2400b0aE.dag/post-processed/Unity.PlasticSCM.Editor.Entities.dll (+pdb)
Processing assembly Library/Bee/artifacts/2400b0aE.dag/Unity.PlasticSCM.Editor.Entities.dll, with 136 defines and 321 references
processors: Unity.Jobs.CodeGen.JobsILPostProcessor, Unity.Pipeline.CodeGen.CodeReloadInPlaceILPostProcessor, zzzUnity.Burst.CodeGen.BurstILPostProcessor
1 processor(s) skipped this assembly
running Unity.Jobs.CodeGen.JobsILPostProcessor
running Unity.Pipeline.CodeGen.CodeReloadInPlaceILPostProcessor
[781/951    0s] CopyFiles Library/ScriptAssemblies/Unity.PlasticSCM.Editor.Entities.pdb
[782/951    0s] CopyFiles Library/ScriptAssemblies/Unity.PlasticSCM.Editor.Entities.dll
[783/951    0s] Csc Library/Bee/artifacts/2400b0aE.dag/Unity.CollabProxy.Editor.dll (+2 others)
[           0s] Csc Library/Bee/artifacts/2400b0aE.dag/Unity.CollabProxy.Editor.dll (+2 others) [CacheWrite e2220128cc83de081a74edf2d631d44500000000000000000000000000000006]
[784/951    0s] MovedFromExtractor Library/Bee/artifacts/mvdfrm/Unity.PlasticSCM.Editor.Assistant.ref.dll_8C7745DFD6ADC950.mvfrm
[785/951    0s] ILPostProcess Library/Bee/artifacts/2400b0aE.dag/post-processed/Unity.PlasticSCM.Editor.Assistant.dll (+pdb)
Processing assembly Library/Bee/artifacts/2400b0aE.dag/Unity.PlasticSCM.Editor.Assistant.dll, with 136 defines and 321 references
processors: Unity.Jobs.CodeGen.JobsILPostProcessor, Unity.Pipeline.CodeGen.CodeReloadInPlaceILPostProcessor, zzzUnity.Burst.CodeGen.BurstILPostProcessor
1 processor(s) skipped this assembly
running Unity.Jobs.CodeGen.JobsILPostProcessor
running Unity.Pipeline.CodeGen.CodeReloadInPlaceILPostProcessor
[786/951    0s] ILPostProcess Library/Bee/artifacts/2400b0aE.dag/post-processed/Unity.CollabProxy.Editor.dll (+pdb)
Processing assembly Library/Bee/artifacts/2400b0aE.dag/Unity.CollabProxy.Editor.dll, with 136 defines and 321 references
processors: Unity.Jobs.CodeGen.JobsILPostProcessor, Unity.Pipeline.CodeGen.CodeReloadInPlaceILPostProcessor, zzzUnity.Burst.CodeGen.BurstILPostProcessor
1 processor(s) skipped this assembly
running Unity.Jobs.CodeGen.JobsILPostProcessor
running Unity.Pipeline.CodeGen.CodeReloadInPlaceILPostProcessor
[787/951    0s] CopyFiles Library/ScriptAssemblies/Unity.CollabProxy.Editor.pdb
[788/951    0s] CopyFiles Library/ScriptAssemblies/Unity.PlasticSCM.Editor.Assistant.dll
[789/951    0s] CopyFiles Library/ScriptAssemblies/Unity.CollabProxy.Editor.dll
[790/951    0s] CopyFiles Library/ScriptAssemblies/Unity.PlasticSCM.Editor.Assistant.pdb
[791/951    0s] MovedFromExtractor Library/Bee/artifacts/mvdfrm/Unity.VisualScripting.Core.ref.dll_FA56F406C264152A.mvfrm
[792/951    5s] ILPostProcess Library/Bee/artifacts/2400b0aE.dag/post-processed/Unity.Collections.dll (+pdb)
Processing assembly Library/Bee/artifacts/2400b0aE.dag/Unity.Collections.dll, with 140 defines and 310 references
processors: Unity.Jobs.CodeGen.JobsILPostProcessor, Unity.Pipeline.CodeGen.CodeReloadInPlaceILPostProcessor, zzzUnity.Burst.CodeGen.BurstILPostProcessor
running Unity.Jobs.CodeGen.JobsILPostProcessor
running Unity.Pipeline.CodeGen.CodeReloadInPlaceILPostProcessor
running zzzUnity.Burst.CodeGen.BurstILPostProcessor
[793/951    0s] ILPostProcess Library/Bee/artifacts/2400b0aE.dag/post-processed/Unity.VisualScripting.Core.dll (+pdb)
Processing assembly Library/Bee/artifacts/2400b0aE.dag/Unity.VisualScripting.Core.dll, with 143 defines and 310 references
processors: Unity.Jobs.CodeGen.JobsILPostProcessor, Unity.Pipeline.CodeGen.CodeReloadInPlaceILPostProcessor, zzzUnity.Burst.CodeGen.BurstILPostProcessor
1 processor(s) skipped this assembly
running Unity.Jobs.CodeGen.JobsILPostProcessor
running Unity.Pipeline.CodeGen.CodeReloadInPlaceILPostProcessor
[794/951    0s] CopyFiles Library/ScriptAssemblies/Unity.Collections.pdb
[795/951    0s] CopyFiles Library/ScriptAssemblies/Unity.Collections.dll
[796/951    0s] CopyFiles Library/ScriptAssemblies/Unity.VisualScripting.Core.pdb
[797/951    0s] CopyFiles Library/ScriptAssemblies/Unity.VisualScripting.Core.dll
[798/951    3s] Csc Library/Bee/artifacts/2400b0aE.dag/Unity.Pipeline.Editor.dll (+2 others)
[           0s] Csc Library/Bee/artifacts/2400b0aE.dag/Unity.Pipeline.Editor.dll (+2 others) [CacheWrite 96c580d8e796333c59827f774d60cb6d00000000000000000000000000000006]
[799/951    0s] MovedFromExtractor-Combine Library/Bee/artifacts/2400b0aE.dag/Unity.VisualScripting.Flow.dll.mvfrm
[800/951    0s] MovedFromExtractor-Combine Library/Bee/artifacts/2400b0aE.dag/Unity.VisualScripting.Core.Editor.dll.mvfrm
[           0s] Csc Library/Bee/artifacts/2400b0aE.dag/Unity.VisualScripting.Flow.dll (+2 others) [CacheMiss 1eaf4255f1838bf84318fd6f105d6d8b00000000000000000000000000000006]
[801/951    0s] MovedFromExtractor Library/Bee/artifacts/mvdfrm/Unity.Pipeline.Editor.ref.dll_DAA59C6B139F07DB.mvfrm
[           0s] Csc Library/Bee/artifacts/2400b0aE.dag/Unity.VisualScripting.Core.Editor.dll (+2 others) [CacheMiss c0383f51decb8474f561afce10536d6b00000000000000000000000000000006]
[802/951    2s] ILPostProcess Library/Bee/artifacts/2400b0aE.dag/post-processed/Unity.PlasticSCM.Editor.dll (+pdb)
Processing assembly Library/Bee/artifacts/2400b0aE.dag/Unity.PlasticSCM.Editor.dll, with 137 defines and 304 references
processors: Unity.Jobs.CodeGen.JobsILPostProcessor, Unity.Pipeline.CodeGen.CodeReloadInPlaceILPostProcessor, zzzUnity.Burst.CodeGen.BurstILPostProcessor
1 processor(s) skipped this assembly
running Unity.Jobs.CodeGen.JobsILPostProcessor
running Unity.Pipeline.CodeGen.CodeReloadInPlaceILPostProcessor
[803/951    0s] CopyFiles Library/ScriptAssemblies/Unity.PlasticSCM.Editor.pdb
[804/951    0s] CopyFiles Library/ScriptAssemblies/Unity.PlasticSCM.Editor.dll
[805/951    0s] ILPostProcess Library/Bee/artifacts/2400b0aE.dag/post-processed/Unity.Pipeline.Editor.dll (+pdb)
Processing assembly Library/Bee/artifacts/2400b0aE.dag/Unity.Pipeline.Editor.dll, with 136 defines and 323 references
processors: Unity.Jobs.CodeGen.JobsILPostProcessor, Unity.Pipeline.CodeGen.CodeReloadInPlaceILPostProcessor, zzzUnity.Burst.CodeGen.BurstILPostProcessor
1 processor(s) skipped this assembly
running Unity.Jobs.CodeGen.JobsILPostProcessor
running Unity.Pipeline.CodeGen.CodeReloadInPlaceILPostProcessor
[806/951    0s] CopyFiles Library/ScriptAssemblies/Unity.Pipeline.Editor.dll
[807/951    0s] CopyFiles Library/ScriptAssemblies/Unity.Pipeline.Editor.pdb
[808/951    6s] Csc Library/Bee/artifacts/2400b0aE.dag/Unity.RenderPipelines.Core.Runtime.dll (+2 others)
[           0s] Csc Library/Bee/artifacts/2400b0aE.dag/Unity.RenderPipelines.Core.Runtime.dll (+2 others) [CacheWrite 260071b2aaa65646d4b99e9cf20c145e00000000000000000000000000000006]
[809/951    0s] MovedFromExtractor Library/Bee/artifacts/mvdfrm/Unity.RenderPipelines.Core.Runtime.ref.dll_D1F0D7E10096C640.mvfrm
[810/951    0s] MovedFromExtractor-Combine Library/Bee/artifacts/2400b0aE.dag/Unity.TextMeshPro.Editor.dll.mvfrm
[           0s] Csc Library/Bee/artifacts/2400b0aE.dag/Unity.TextMeshPro.Editor.dll (+2 others) [CacheMiss 3c1a9bd344bdba3d330820c651e5339d00000000000000000000000000000006]
[811/951    0s] MovedFromExtractor-Combine Library/Bee/artifacts/2400b0aE.dag/Unity.PathTracing.Runtime.dll.mvfrm
[812/951    0s] MovedFromExtractor-Combine Library/Bee/artifacts/2400b0aE.dag/Unity.RenderPipeline.Universal.ShaderLibrary.dll.mvfrm
[813/951    0s] MovedFromExtractor-Combine Library/Bee/artifacts/2400b0aE.dag/Unity.RenderPipelines.Universal.Config.Runtime.dll.mvfrm
[814/951    0s] MovedFromExtractor-Combine Library/Bee/artifacts/2400b0aE.dag/Unity.RenderPipelines.Core.Runtime.Shared.dll.mvfrm
[815/951    0s] MovedFromExtractor-Combine Library/Bee/artifacts/2400b0aE.dag/Unity.RenderPipelines.GPUDriven.Runtime.dll.mvfrm
[           0s] Csc Library/Bee/artifacts/2400b0aE.dag/Unity.RenderPipelines.Core.Runtime.Shared.dll (+2 others) [CacheMiss 40b76d01833d46f47a1e50a2aab1b81000000000000000000000000000000006]
[           0s] Csc Library/Bee/artifacts/2400b0aE.dag/Unity.RenderPipelines.Universal.Config.Runtime.dll (+2 others) [CacheMiss 3020d008a686a85cd934c0de973373d500000000000000000000000000000006]
[           0s] Csc Library/Bee/artifacts/2400b0aE.dag/Unity.RenderPipeline.Universal.ShaderLibrary.dll (+2 others) [CacheMiss b47cf4797365ff1b6fe203b9601af87900000000000000000000000000000006]
[           0s] Csc Library/Bee/artifacts/2400b0aE.dag/Unity.RenderPipelines.GPUDriven.Runtime.dll (+2 others) [CacheMiss b82f0c95d705b2867aae52b9ddc776b300000000000000000000000000000006]
[816/951    0s] ILPostProcess Library/Bee/artifacts/2400b0aE.dag/post-processed/Unity.RenderPipelines.Core.Runtime.dll (+pdb)
Processing assembly Library/Bee/artifacts/2400b0aE.dag/Unity.RenderPipelines.Core.Runtime.dll, with 143 defines and 312 references
processors: Unity.Jobs.CodeGen.JobsILPostProcessor, Unity.Pipeline.CodeGen.CodeReloadInPlaceILPostProcessor, zzzUnity.Burst.CodeGen.BurstILPostProcessor
1 processor(s) skipped this assembly
running Unity.Jobs.CodeGen.JobsILPostProcessor
running Unity.Pipeline.CodeGen.CodeReloadInPlaceILPostProcessor
[817/951    0s] CopyFiles Library/ScriptAssemblies/Unity.RenderPipelines.Core.Runtime.pdb
[818/951    0s] CopyFiles Library/ScriptAssemblies/Unity.RenderPipelines.Core.Runtime.dll
[819/951    0s] Csc Library/Bee/artifacts/2400b0aE.dag/Unity.RenderPipeline.Universal.ShaderLibrary.dll (+2 others)
[           0s] Csc Library/Bee/artifacts/2400b0aE.dag/Unity.RenderPipeline.Universal.ShaderLibrary.dll (+2 others) [CacheWrite b47cf4797365ff1b6fe203b9601af87900000000000000000000000000000006]
[820/951    0s] ILPostProcess Library/Bee/artifacts/2400b0aE.dag/post-processed/Unity.RenderPipeline.Universal.ShaderLibrary.dll (+pdb)
Processing assembly Library/Bee/artifacts/2400b0aE.dag/Unity.RenderPipeline.Universal.ShaderLibrary.dll, with 138 defines and 310 references
processors: Unity.Jobs.CodeGen.JobsILPostProcessor, Unity.Pipeline.CodeGen.CodeReloadInPlaceILPostProcessor, zzzUnity.Burst.CodeGen.BurstILPostProcessor
1 processor(s) skipped this assembly
running Unity.Jobs.CodeGen.JobsILPostProcessor
running Unity.Pipeline.CodeGen.CodeReloadInPlaceILPostProcessor
[821/951    0s] Csc Library/Bee/artifacts/2400b0aE.dag/Unity.RenderPipelines.Universal.Config.Runtime.dll (+2 others)
[822/951    0s] Csc Library/Bee/artifacts/2400b0aE.dag/Unity.RenderPipelines.Core.Runtime.Shared.dll (+2 others)
[           0s] Csc Library/Bee/artifacts/2400b0aE.dag/Unity.PathTracing.Runtime.dll (+2 others) [CacheMiss 55bd2ebe6f06a324d6ca179300512db400000000000000000000000000000006]
[823/951    0s] CopyFiles Library/ScriptAssemblies/Unity.RenderPipeline.Universal.ShaderLibrary.dll
[824/951    0s] CopyFiles Library/ScriptAssemblies/Unity.RenderPipeline.Universal.ShaderLibrary.pdb
[           0s] Csc Library/Bee/artifacts/2400b0aE.dag/Unity.RenderPipelines.Core.Runtime.Shared.dll (+2 others) [CacheWrite 40b76d01833d46f47a1e50a2aab1b81000000000000000000000000000000006]
[825/951    0s] MovedFromExtractor Library/Bee/artifacts/mvdfrm/Unity.RenderPipeline.Universal.ShaderLibrary.ref.dll_DFD8F2B83DCEE681.mvfrm
[826/951    0s] ILPostProcess Library/Bee/artifacts/2400b0aE.dag/post-processed/Unity.RenderPipelines.Core.Runtime.Shared.dll (+pdb)
Processing assembly Library/Bee/artifacts/2400b0aE.dag/Unity.RenderPipelines.Core.Runtime.Shared.dll, with 138 defines and 312 references
processors: Unity.Jobs.CodeGen.JobsILPostProcessor, Unity.Pipeline.CodeGen.CodeReloadInPlaceILPostProcessor, zzzUnity.Burst.CodeGen.BurstILPostProcessor
1 processor(s) skipped this assembly
running Unity.Jobs.CodeGen.JobsILPostProcessor
running Unity.Pipeline.CodeGen.CodeReloadInPlaceILPostProcessor
[827/951    0s] MovedFromExtractor Library/Bee/artifacts/mvdfrm/Unity.RenderPipelines.Core.Runtime.Shared.ref.dll_EB59ACBB4531F4E9.mvfrm
[828/951    0s] CopyFiles Library/ScriptAssemblies/Unity.RenderPipelines.Core.Runtime.Shared.dll
[829/951    0s] CopyFiles Library/ScriptAssemblies/Unity.RenderPipelines.Core.Runtime.Shared.pdb
[           1s] Csc Library/Bee/artifacts/2400b0aE.dag/Unity.RenderPipelines.Universal.Config.Runtime.dll (+2 others) [CacheWrite 3020d008a686a85cd934c0de973373d500000000000000000000000000000006]
[830/951    0s] ILPostProcess Library/Bee/artifacts/2400b0aE.dag/post-processed/Unity.RenderPipelines.Universal.Config.Runtime.dll (+pdb)
Processing assembly Library/Bee/artifacts/2400b0aE.dag/Unity.RenderPipelines.Universal.Config.Runtime.dll, with 138 defines and 310 references
processors: Unity.Jobs.CodeGen.JobsILPostProcessor, Unity.Pipeline.CodeGen.CodeReloadInPlaceILPostProcessor, zzzUnity.Burst.CodeGen.BurstILPostProcessor
1 processor(s) skipped this assembly
running Unity.Jobs.CodeGen.JobsILPostProcessor
running Unity.Pipeline.CodeGen.CodeReloadInPlaceILPostProcessor
[831/951    0s] CopyFiles Library/ScriptAssemblies/Unity.RenderPipelines.Universal.Config.Runtime.dll
[832/951    0s] CopyFiles Library/ScriptAssemblies/Unity.RenderPipelines.Universal.Config.Runtime.pdb
[833/951    0s] MovedFromExtractor Library/Bee/artifacts/mvdfrm/Unity.RenderPipelines.Universal.Config.Runtime.ref.dll_A9D64A2136C99BF6.mvfrm
[834/951    3s] Csc Library/Bee/artifacts/2400b0aE.dag/Unity.TextMeshPro.Editor.dll (+2 others)
[           0s] Csc Library/Bee/artifacts/2400b0aE.dag/Unity.TextMeshPro.Editor.dll (+2 others) [CacheWrite 3c1a9bd344bdba3d330820c651e5339d00000000000000000000000000000006]
[835/951    4s] Csc Library/Bee/artifacts/2400b0aE.dag/Unity.VisualScripting.Flow.dll (+2 others)
[           0s] Csc Library/Bee/artifacts/2400b0aE.dag/Unity.VisualScripting.Flow.dll (+2 others) [CacheWrite 1eaf4255f1838bf84318fd6f105d6d8b00000000000000000000000000000006]
[836/951    3s] Csc Library/Bee/artifacts/2400b0aE.dag/Unity.PathTracing.Runtime.dll (+2 others)
[           0s] Csc Library/Bee/artifacts/2400b0aE.dag/Unity.PathTracing.Runtime.dll (+2 others) [CacheWrite 55bd2ebe6f06a324d6ca179300512db400000000000000000000000000000006]
[837/951    0s] MovedFromExtractor Library/Bee/artifacts/mvdfrm/Unity.TextMeshPro.Editor.ref.dll_B8A961BBD8ABE0FC.mvfrm
[838/951    0s] MovedFromExtractor Library/Bee/artifacts/mvdfrm/Unity.VisualScripting.Flow.ref.dll_4167D45D446D89D9.mvfrm
[839/951    0s] MovedFromExtractor Library/Bee/artifacts/mvdfrm/Unity.PathTracing.Runtime.ref.dll_AE8EB1A4ADBF4619.mvfrm
[840/951    3s] Csc Library/Bee/artifacts/2400b0aE.dag/Unity.RenderPipelines.GPUDriven.Runtime.dll (+2 others)
[           0s] Csc Library/Bee/artifacts/2400b0aE.dag/Unity.RenderPipelines.GPUDriven.Runtime.dll (+2 others) [CacheWrite b82f0c95d705b2867aae52b9ddc776b300000000000000000000000000000006]
[841/951    0s] ILPostProcess Library/Bee/artifacts/2400b0aE.dag/post-processed/Unity.TextMeshPro.Editor.dll (+pdb)
Processing assembly Library/Bee/artifacts/2400b0aE.dag/Unity.TextMeshPro.Editor.dll, with 136 defines and 322 references
processors: Unity.Jobs.CodeGen.JobsILPostProcessor, Unity.Pipeline.CodeGen.CodeReloadInPlaceILPostProcessor, zzzUnity.Burst.CodeGen.BurstILPostProcessor
1 processor(s) skipped this assembly
running Unity.Jobs.CodeGen.JobsILPostProcessor
running Unity.Pipeline.CodeGen.CodeReloadInPlaceILPostProcessor
[842/951    0s] CopyFiles Library/ScriptAssemblies/Unity.TextMeshPro.Editor.pdb
[843/951    0s] CopyFiles Library/ScriptAssemblies/Unity.TextMeshPro.Editor.dll
[844/951    0s] MovedFromExtractor-Combine Library/Bee/artifacts/2400b0aE.dag/Unity.VisualScripting.State.dll.mvfrm
[845/951    0s] MovedFromExtractor-Combine Library/Bee/artifacts/2400b0aE.dag/Unity.VisualScripting.DocCodeExamples.dll.mvfrm
[           0s] Csc Library/Bee/artifacts/2400b0aE.dag/Unity.VisualScripting.DocCodeExamples.dll (+2 others) [CacheMiss 795ec3bb7fca5d0609e9369784a4afab00000000000000000000000000000006]
[           0s] Csc Library/Bee/artifacts/2400b0aE.dag/Unity.VisualScripting.State.dll (+2 others) [CacheMiss 0cf5515482447cbee54f1eac89a0d9fa00000000000000000000000000000006]
[846/951    0s] MovedFromExtractor-Combine Library/Bee/artifacts/2400b0aE.dag/Unity.SurfaceCache.Runtime.dll.mvfrm
[847/951    0s] MovedFromExtractor-Combine Library/Bee/artifacts/2400b0aE.dag/Unity.PathTracing.Editor.dll.mvfrm
[           0s] Csc Library/Bee/artifacts/2400b0aE.dag/Unity.SurfaceCache.Runtime.dll (+2 others) [CacheMiss 9b38d6b9a762c19f192b76e688158fc400000000000000000000000000000006]
[           0s] Csc Library/Bee/artifacts/2400b0aE.dag/Unity.PathTracing.Editor.dll (+2 others) [CacheMiss e8983a059262a37ade52e7495269e25300000000000000000000000000000006]
[848/951    0s] MovedFromExtractor Library/Bee/artifacts/mvdfrm/Unity.RenderPipelines.GPUDriven.Runtime.ref.dll_AD9DACDE34895289.mvfrm
[849/951    0s] ILPostProcess Library/Bee/artifacts/2400b0aE.dag/post-processed/Unity.VisualScripting.Flow.dll (+pdb)
Processing assembly Library/Bee/artifacts/2400b0aE.dag/Unity.VisualScripting.Flow.dll, with 146 defines and 311 references
processors: Unity.Jobs.CodeGen.JobsILPostProcessor, Unity.Pipeline.CodeGen.CodeReloadInPlaceILPostProcessor, zzzUnity.Burst.CodeGen.BurstILPostProcessor
1 processor(s) skipped this assembly
running Unity.Jobs.CodeGen.JobsILPostProcessor
running Unity.Pipeline.CodeGen.CodeReloadInPlaceILPostProcessor
[850/951    0s] CopyFiles Library/ScriptAssemblies/Unity.VisualScripting.Flow.pdb
[851/951    0s] CopyFiles Library/ScriptAssemblies/Unity.VisualScripting.Flow.dll
[852/951    0s] Csc Library/Bee/artifacts/2400b0aE.dag/Unity.VisualScripting.DocCodeExamples.dll (+2 others)
[           0s] Csc Library/Bee/artifacts/2400b0aE.dag/Unity.VisualScripting.DocCodeExamples.dll (+2 others) [CacheWrite 795ec3bb7fca5d0609e9369784a4afab00000000000000000000000000000006]
[853/951    0s] ILPostProcess Library/Bee/artifacts/2400b0aE.dag/post-processed/Unity.VisualScripting.DocCodeExamples.dll (+pdb)
Processing assembly Library/Bee/artifacts/2400b0aE.dag/Unity.VisualScripting.DocCodeExamples.dll, with 138 defines and 291 references
processors: Unity.Jobs.CodeGen.JobsILPostProcessor, Unity.Pipeline.CodeGen.CodeReloadInPlaceILPostProcessor, zzzUnity.Burst.CodeGen.BurstILPostProcessor
1 processor(s) skipped this assembly
running Unity.Jobs.CodeGen.JobsILPostProcessor
running Unity.Pipeline.CodeGen.CodeReloadInPlaceILPostProcessor
[854/951    0s] CopyFiles Library/ScriptAssemblies/Unity.VisualScripting.DocCodeExamples.pdb
[855/951    0s] CopyFiles Library/ScriptAssemblies/Unity.VisualScripting.DocCodeExamples.dll
[856/951    0s] Csc Library/Bee/artifacts/2400b0aE.dag/Unity.VisualScripting.State.dll (+2 others)
[           0s] Csc Library/Bee/artifacts/2400b0aE.dag/Unity.VisualScripting.State.dll (+2 others) [CacheWrite 0cf5515482447cbee54f1eac89a0d9fa00000000000000000000000000000006]
[857/951    0s] ILPostProcess Library/Bee/artifacts/2400b0aE.dag/post-processed/Unity.PathTracing.Runtime.dll (+pdb)
Processing assembly Library/Bee/artifacts/2400b0aE.dag/Unity.PathTracing.Runtime.dll, with 141 defines and 312 references
processors: Unity.Jobs.CodeGen.JobsILPostProcessor, Unity.Pipeline.CodeGen.CodeReloadInPlaceILPostProcessor, zzzUnity.Burst.CodeGen.BurstILPostProcessor
1 processor(s) skipped this assembly
running Unity.Jobs.CodeGen.JobsILPostProcessor
running Unity.Pipeline.CodeGen.CodeReloadInPlaceILPostProcessor
[858/951    0s] CopyFiles Library/ScriptAssemblies/Unity.PathTracing.Runtime.dll
[859/951    0s] CopyFiles Library/ScriptAssemblies/Unity.PathTracing.Runtime.pdb
[860/951    0s] ILPostProcess Library/Bee/artifacts/2400b0aE.dag/post-processed/Unity.VisualScripting.State.dll (+pdb)
Processing assembly Library/Bee/artifacts/2400b0aE.dag/Unity.VisualScripting.State.dll, with 138 defines and 311 references
processors: Unity.Jobs.CodeGen.JobsILPostProcessor, Unity.Pipeline.CodeGen.CodeReloadInPlaceILPostProcessor, zzzUnity.Burst.CodeGen.BurstILPostProcessor
1 processor(s) skipped this assembly
running Unity.Jobs.CodeGen.JobsILPostProcessor
running Unity.Pipeline.CodeGen.CodeReloadInPlaceILPostProcessor
[861/951    0s] CopyFiles Library/ScriptAssemblies/Unity.VisualScripting.State.pdb
[862/951    0s] CopyFiles Library/ScriptAssemblies/Unity.VisualScripting.State.dll
[863/951    0s] MovedFromExtractor Library/Bee/artifacts/mvdfrm/Unity.VisualScripting.State.ref.dll_00B85F0613CA4DCC.mvfrm
[864/951    0s] Csc Library/Bee/artifacts/2400b0aE.dag/Unity.SurfaceCache.Runtime.dll (+2 others)
[           0s] Csc Library/Bee/artifacts/2400b0aE.dag/Unity.SurfaceCache.Runtime.dll (+2 others) [CacheWrite 9b38d6b9a762c19f192b76e688158fc400000000000000000000000000000006]
[865/951    0s] ILPostProcess Library/Bee/artifacts/2400b0aE.dag/post-processed/Unity.SurfaceCache.Runtime.dll (+pdb)
Processing assembly Library/Bee/artifacts/2400b0aE.dag/Unity.SurfaceCache.Runtime.dll, with 139 defines and 312 references
processors: Unity.Jobs.CodeGen.JobsILPostProcessor, Unity.Pipeline.CodeGen.CodeReloadInPlaceILPostProcessor, zzzUnity.Burst.CodeGen.BurstILPostProcessor
1 processor(s) skipped this assembly
running Unity.Jobs.CodeGen.JobsILPostProcessor
running Unity.Pipeline.CodeGen.CodeReloadInPlaceILPostProcessor
[866/951    0s] CopyFiles Library/ScriptAssemblies/Unity.SurfaceCache.Runtime.dll
[867/951    0s] CopyFiles Library/ScriptAssemblies/Unity.SurfaceCache.Runtime.pdb
[868/951    0s] MovedFromExtractor Library/Bee/artifacts/mvdfrm/Unity.SurfaceCache.Runtime.ref.dll_4279B157D1C77793.mvfrm
[869/951    0s] MovedFromExtractor-Combine Library/Bee/artifacts/2400b0aE.dag/Unity.RenderPipelines.Universal.Runtime.dll.mvfrm
[           0s] Csc Library/Bee/artifacts/2400b0aE.dag/Unity.RenderPipelines.Universal.Runtime.dll (+2 others) [CacheMiss 9c203177f7c0d790cb4df9fd6fd2fb7100000000000000000000000000000006]
[870/951    0s] ILPostProcess Library/Bee/artifacts/2400b0aE.dag/post-processed/Unity.RenderPipelines.GPUDriven.Runtime.dll (+pdb)
Processing assembly Library/Bee/artifacts/2400b0aE.dag/Unity.RenderPipelines.GPUDriven.Runtime.dll, with 139 defines and 313 references
processors: Unity.Jobs.CodeGen.JobsILPostProcessor, Unity.Pipeline.CodeGen.CodeReloadInPlaceILPostProcessor, zzzUnity.Burst.CodeGen.BurstILPostProcessor
running Unity.Jobs.CodeGen.JobsILPostProcessor
running Unity.Pipeline.CodeGen.CodeReloadInPlaceILPostProcessor
running zzzUnity.Burst.CodeGen.BurstILPostProcessor
[871/951    0s] CopyFiles Library/ScriptAssemblies/Unity.RenderPipelines.GPUDriven.Runtime.pdb
[872/951    0s] CopyFiles Library/ScriptAssemblies/Unity.RenderPipelines.GPUDriven.Runtime.dll
[873/951    1s] Csc Library/Bee/artifacts/2400b0aE.dag/Unity.PathTracing.Editor.dll (+2 others)
[           0s] Csc Library/Bee/artifacts/2400b0aE.dag/Unity.PathTracing.Editor.dll (+2 others) [CacheWrite e8983a059262a37ade52e7495269e25300000000000000000000000000000006]
[874/951    5s] Csc Library/Bee/artifacts/2400b0aE.dag/Unity.VisualScripting.Core.Editor.dll (+2 others)
[875/951    0s] ILPostProcess Library/Bee/artifacts/2400b0aE.dag/post-processed/Unity.PathTracing.Editor.dll (+pdb)
Processing assembly Library/Bee/artifacts/2400b0aE.dag/Unity.PathTracing.Editor.dll, with 137 defines and 323 references
processors: Unity.Jobs.CodeGen.JobsILPostProcessor, Unity.Pipeline.CodeGen.CodeReloadInPlaceILPostProcessor, zzzUnity.Burst.CodeGen.BurstILPostProcessor
1 processor(s) skipped this assembly
running Unity.Jobs.CodeGen.JobsILPostProcessor
running Unity.Pipeline.CodeGen.CodeReloadInPlaceILPostProcessor
[           0s] Csc Library/Bee/artifacts/2400b0aE.dag/Unity.VisualScripting.Core.Editor.dll (+2 others) [CacheWrite c0383f51decb8474f561afce10536d6b00000000000000000000000000000006]
[876/951    0s] MovedFromExtractor Library/Bee/artifacts/mvdfrm/Unity.PathTracing.Editor.ref.dll_742D6C2A6A5073F2.mvfrm
[877/951    0s] CopyFiles Library/ScriptAssemblies/Unity.PathTracing.Editor.pdb
[878/951    0s] CopyFiles Library/ScriptAssemblies/Unity.PathTracing.Editor.dll
[879/951    0s] MovedFromExtractor-Combine Library/Bee/artifacts/2400b0aE.dag/Unity.RenderPipelines.Core.Editor.dll.mvfrm
[880/951    0s] MovedFromExtractor Library/Bee/artifacts/mvdfrm/Unity.VisualScripting.Core.Editor.ref.dll_EC0FF0FDA4803327.mvfrm
[           0s] Csc Library/Bee/artifacts/2400b0aE.dag/Unity.RenderPipelines.Core.Editor.dll (+2 others) [CacheMiss 682931cd11eb222060de6fe649489b5b00000000000000000000000000000006]
[881/951    0s] MovedFromExtractor-Combine Library/Bee/artifacts/2400b0aE.dag/Unity.VisualScripting.Flow.Editor.dll.mvfrm
[           0s] Csc Library/Bee/artifacts/2400b0aE.dag/Unity.VisualScripting.Flow.Editor.dll (+2 others) [CacheMiss 0f749bd6b2b7bae4e24da236f1a4e7ad00000000000000000000000000000006]
[882/951    0s] ILPostProcess Library/Bee/artifacts/2400b0aE.dag/post-processed/Unity.VisualScripting.Core.Editor.dll (+pdb)
Processing assembly Library/Bee/artifacts/2400b0aE.dag/Unity.VisualScripting.Core.Editor.dll, with 136 defines and 321 references
processors: Unity.Jobs.CodeGen.JobsILPostProcessor, Unity.Pipeline.CodeGen.CodeReloadInPlaceILPostProcessor, zzzUnity.Burst.CodeGen.BurstILPostProcessor
1 processor(s) skipped this assembly
running Unity.Jobs.CodeGen.JobsILPostProcessor
running Unity.Pipeline.CodeGen.CodeReloadInPlaceILPostProcessor
[883/951    0s] CopyFiles Library/ScriptAssemblies/Unity.VisualScripting.Core.Editor.pdb
[884/951    0s] CopyFiles Library/ScriptAssemblies/Unity.VisualScripting.Core.Editor.dll
[885/951    2s] Csc Library/Bee/artifacts/2400b0aE.dag/Unity.VisualScripting.Flow.Editor.dll (+2 others)
[           0s] Csc Library/Bee/artifacts/2400b0aE.dag/Unity.VisualScripting.Flow.Editor.dll (+2 others) [CacheWrite 0f749bd6b2b7bae4e24da236f1a4e7ad00000000000000000000000000000006]
[886/951    0s] ILPostProcess Library/Bee/artifacts/2400b0aE.dag/post-processed/Unity.VisualScripting.Flow.Editor.dll (+pdb)
Processing assembly Library/Bee/artifacts/2400b0aE.dag/Unity.VisualScripting.Flow.Editor.dll, with 138 defines and 324 references
processors: Unity.Jobs.CodeGen.JobsILPostProcessor, Unity.Pipeline.CodeGen.CodeReloadInPlaceILPostProcessor, zzzUnity.Burst.CodeGen.BurstILPostProcessor
1 processor(s) skipped this assembly
running Unity.Jobs.CodeGen.JobsILPostProcessor
running Unity.Pipeline.CodeGen.CodeReloadInPlaceILPostProcessor
[887/951    0s] CopyFiles Library/ScriptAssemblies/Unity.VisualScripting.Flow.Editor.pdb
[888/951    0s] CopyFiles Library/ScriptAssemblies/Unity.VisualScripting.Flow.Editor.dll
[889/951    0s] MovedFromExtractor Library/Bee/artifacts/mvdfrm/Unity.VisualScripting.Flow.Editor.ref.dll_6940D9ACB35EBE68.mvfrm
[890/951    0s] MovedFromExtractor-Combine Library/Bee/artifacts/2400b0aE.dag/Unity.VisualScripting.State.Editor.dll.mvfrm
[891/951    0s] MovedFromExtractor-Combine Library/Bee/artifacts/2400b0aE.dag/Unity.VisualScripting.SettingsProvider.Editor.dll.mvfrm
[           0s] Csc Library/Bee/artifacts/2400b0aE.dag/Unity.VisualScripting.SettingsProvider.Editor.dll (+2 others) [CacheMiss b9ded3b627c72997f7af961de56bbf5d00000000000000000000000000000006]
[           0s] Csc Library/Bee/artifacts/2400b0aE.dag/Unity.VisualScripting.State.Editor.dll (+2 others) [CacheMiss d93e50beb2933816a103a06f50e76f2e00000000000000000000000000000006]
[892/951    0s] Csc Library/Bee/artifacts/2400b0aE.dag/Unity.VisualScripting.SettingsProvider.Editor.dll (+2 others)
[           0s] Csc Library/Bee/artifacts/2400b0aE.dag/Unity.VisualScripting.SettingsProvider.Editor.dll (+2 others) [CacheWrite b9ded3b627c72997f7af961de56bbf5d00000000000000000000000000000006]
[893/951    0s] ILPostProcess Library/Bee/artifacts/2400b0aE.dag/post-processed/Unity.VisualScripting.SettingsProvider.Editor.dll (+pdb)
Processing assembly Library/Bee/artifacts/2400b0aE.dag/Unity.VisualScripting.SettingsProvider.Editor.dll, with 136 defines and 325 references
processors: Unity.Jobs.CodeGen.JobsILPostProcessor, Unity.Pipeline.CodeGen.CodeReloadInPlaceILPostProcessor, zzzUnity.Burst.CodeGen.BurstILPostProcessor
1 processor(s) skipped this assembly
running Unity.Jobs.CodeGen.JobsILPostProcessor
running Unity.Pipeline.CodeGen.CodeReloadInPlaceILPostProcessor
[894/951    0s] CopyFiles Library/ScriptAssemblies/Unity.VisualScripting.SettingsProvider.Editor.pdb
[895/951    0s] CopyFiles Library/ScriptAssemblies/Unity.VisualScripting.SettingsProvider.Editor.dll
[896/951    0s] MovedFromExtractor Library/Bee/artifacts/mvdfrm/Unity.VisualScripting.SettingsProvider.Editor.ref.dll_B8324D455948C852.mvfrm
[897/951    4s] Csc Library/Bee/artifacts/2400b0aE.dag/Unity.RenderPipelines.Universal.Runtime.dll (+2 others)
[           0s] Csc Library/Bee/artifacts/2400b0aE.dag/Unity.RenderPipelines.Universal.Runtime.dll (+2 others) [CacheWrite 9c203177f7c0d790cb4df9fd6fd2fb7100000000000000000000000000000006]
[898/951    0s] Csc Library/Bee/artifacts/2400b0aE.dag/Unity.VisualScripting.State.Editor.dll (+2 others)
[           0s] Csc Library/Bee/artifacts/2400b0aE.dag/Unity.VisualScripting.State.Editor.dll (+2 others) [CacheWrite d93e50beb2933816a103a06f50e76f2e00000000000000000000000000000006]
[899/951    0s] MovedFromExtractor Library/Bee/artifacts/mvdfrm/Unity.RenderPipelines.Universal.Runtime.ref.dll_6CA9085BBA00D4D4.mvfrm
[900/951    0s] ILPostProcess Library/Bee/artifacts/2400b0aE.dag/post-processed/Unity.VisualScripting.State.Editor.dll (+pdb)
Processing assembly Library/Bee/artifacts/2400b0aE.dag/Unity.VisualScripting.State.Editor.dll, with 136 defines and 325 references
processors: Unity.Jobs.CodeGen.JobsILPostProcessor, Unity.Pipeline.CodeGen.CodeReloadInPlaceILPostProcessor, zzzUnity.Burst.CodeGen.BurstILPostProcessor
1 processor(s) skipped this assembly
running Unity.Jobs.CodeGen.JobsILPostProcessor
running Unity.Pipeline.CodeGen.CodeReloadInPlaceILPostProcessor
[901/951    0s] CopyFiles Library/ScriptAssemblies/Unity.VisualScripting.State.Editor.pdb
[902/951    0s] CopyFiles Library/ScriptAssemblies/Unity.VisualScripting.State.Editor.dll
[903/951    0s] MovedFromExtractor-Combine Library/Bee/artifacts/2400b0aE.dag/Unity.RenderPipelines.Universal.2D.Runtime.dll.mvfrm
[904/951    0s] MovedFromExtractor Library/Bee/artifacts/mvdfrm/Unity.VisualScripting.State.Editor.ref.dll_E3BEEDFEAAF21AA5.mvfrm
[           0s] Csc Library/Bee/artifacts/2400b0aE.dag/Unity.RenderPipelines.Universal.2D.Runtime.dll (+2 others) [CacheMiss 6047e1c7160b52ff5c63d4b29e0585ec00000000000000000000000000000006]
[905/951    0s] ILPostProcess Library/Bee/artifacts/2400b0aE.dag/post-processed/Unity.RenderPipelines.Universal.Runtime.dll (+pdb)
Processing assembly Library/Bee/artifacts/2400b0aE.dag/Unity.RenderPipelines.Universal.Runtime.dll, with 146 defines and 319 references
processors: Unity.Jobs.CodeGen.JobsILPostProcessor, Unity.Pipeline.CodeGen.CodeReloadInPlaceILPostProcessor, zzzUnity.Burst.CodeGen.BurstILPostProcessor
running Unity.Jobs.CodeGen.JobsILPostProcessor
running Unity.Pipeline.CodeGen.CodeReloadInPlaceILPostProcessor
running zzzUnity.Burst.CodeGen.BurstILPostProcessor
[906/951    0s] CopyFiles Library/ScriptAssemblies/Unity.RenderPipelines.Universal.Runtime.pdb
[907/951    0s] CopyFiles Library/ScriptAssemblies/Unity.RenderPipelines.Universal.Runtime.dll
[908/951    0s] MovedFromExtractor-Combine Library/Bee/artifacts/2400b0aE.dag/Unity.VisualScripting.Shared.Editor.dll.mvfrm
[           0s] Csc Library/Bee/artifacts/2400b0aE.dag/Unity.VisualScripting.Shared.Editor.dll (+2 others) [CacheMiss 5fb252efb226369d9d6ab272898e58d100000000000000000000000000000006]
[909/951    4s] Csc Library/Bee/artifacts/2400b0aE.dag/Unity.RenderPipelines.Core.Editor.dll (+2 others)
[910/951    0s] Csc Library/Bee/artifacts/2400b0aE.dag/Unity.VisualScripting.Shared.Editor.dll (+2 others)
[           0s] Csc Library/Bee/artifacts/2400b0aE.dag/Unity.RenderPipelines.Core.Editor.dll (+2 others) [CacheWrite 682931cd11eb222060de6fe649489b5b00000000000000000000000000000006]
[           0s] Csc Library/Bee/artifacts/2400b0aE.dag/Unity.VisualScripting.Shared.Editor.dll (+2 others) [CacheWrite 5fb252efb226369d9d6ab272898e58d100000000000000000000000000000006]
[911/951    0s] ILPostProcess Library/Bee/artifacts/2400b0aE.dag/post-processed/Unity.VisualScripting.Shared.Editor.dll (+pdb)
Processing assembly Library/Bee/artifacts/2400b0aE.dag/Unity.VisualScripting.Shared.Editor.dll, with 136 defines and 326 references
processors: Unity.Jobs.CodeGen.JobsILPostProcessor, Unity.Pipeline.CodeGen.CodeReloadInPlaceILPostProcessor, zzzUnity.Burst.CodeGen.BurstILPostProcessor
1 processor(s) skipped this assembly
running Unity.Jobs.CodeGen.JobsILPostProcessor
running Unity.Pipeline.CodeGen.CodeReloadInPlaceILPostProcessor
[912/951    0s] CopyFiles Library/ScriptAssemblies/Unity.VisualScripting.Shared.Editor.pdb
[913/951    0s] CopyFiles Library/ScriptAssemblies/Unity.VisualScripting.Shared.Editor.dll
[914/951    0s] MovedFromExtractor Library/Bee/artifacts/mvdfrm/Unity.VisualScripting.Shared.Editor.ref.dll_F54BA3F421A71E21.mvfrm
[915/951    0s] MovedFromExtractor Library/Bee/artifacts/mvdfrm/Unity.RenderPipelines.Core.Editor.ref.dll_453323577D6CEEBB.mvfrm
[916/951    0s] MovedFromExtractor-Combine Library/Bee/artifacts/2400b0aE.dag/Unity.RenderPipelines.Core.Editor.Shared.dll.mvfrm
[917/951    0s] MovedFromExtractor-Combine Library/Bee/artifacts/2400b0aE.dag/Unity.ShaderGraph.Editor.dll.mvfrm
[           0s] Csc Library/Bee/artifacts/2400b0aE.dag/Unity.RenderPipelines.Core.Editor.Shared.dll (+2 others) [CacheMiss 14dae03ce9bf35a69211b4530e38e1dc00000000000000000000000000000006]
[           0s] Csc Library/Bee/artifacts/2400b0aE.dag/Unity.ShaderGraph.Editor.dll (+2 others) [CacheMiss a22ea4029c50cd322412a36457cd540b00000000000000000000000000000006]
[918/951    0s] ILPostProcess Library/Bee/artifacts/2400b0aE.dag/post-processed/Unity.RenderPipelines.Core.Editor.dll (+pdb)
Processing assembly Library/Bee/artifacts/2400b0aE.dag/Unity.RenderPipelines.Core.Editor.dll, with 140 defines and 328 references
processors: Unity.Jobs.CodeGen.JobsILPostProcessor, Unity.Pipeline.CodeGen.CodeReloadInPlaceILPostProcessor, zzzUnity.Burst.CodeGen.BurstILPostProcessor
1 processor(s) skipped this assembly
running Unity.Jobs.CodeGen.JobsILPostProcessor
running Unity.Pipeline.CodeGen.CodeReloadInPlaceILPostProcessor
[919/951    0s] CopyFiles Library/ScriptAssemblies/Unity.RenderPipelines.Core.Editor.pdb
[920/951    0s] CopyFiles Library/ScriptAssemblies/Unity.RenderPipelines.Core.Editor.dll
[921/951    0s] Csc Library/Bee/artifacts/2400b0aE.dag/Unity.RenderPipelines.Core.Editor.Shared.dll (+2 others)
[           0s] Csc Library/Bee/artifacts/2400b0aE.dag/Unity.RenderPipelines.Core.Editor.Shared.dll (+2 others) [CacheWrite 14dae03ce9bf35a69211b4530e38e1dc00000000000000000000000000000006]
[922/951    1s] Csc Library/Bee/artifacts/2400b0aE.dag/Unity.RenderPipelines.Universal.2D.Runtime.dll (+2 others)
[           0s] Csc Library/Bee/artifacts/2400b0aE.dag/Unity.RenderPipelines.Universal.2D.Runtime.dll (+2 others) [CacheWrite 6047e1c7160b52ff5c63d4b29e0585ec00000000000000000000000000000006]
[923/951    0s] ILPostProcess Library/Bee/artifacts/2400b0aE.dag/post-processed/Unity.RenderPipelines.Core.Editor.Shared.dll (+pdb)
Processing assembly Library/Bee/artifacts/2400b0aE.dag/Unity.RenderPipelines.Core.Editor.Shared.dll, with 136 defines and 327 references
processors: Unity.Jobs.CodeGen.JobsILPostProcessor, Unity.Pipeline.CodeGen.CodeReloadInPlaceILPostProcessor, zzzUnity.Burst.CodeGen.BurstILPostProcessor
1 processor(s) skipped this assembly
running Unity.Jobs.CodeGen.JobsILPostProcessor
running Unity.Pipeline.CodeGen.CodeReloadInPlaceILPostProcessor
[924/951    0s] CopyFiles Library/ScriptAssemblies/Unity.RenderPipelines.Core.Editor.Shared.pdb
[925/951    0s] CopyFiles Library/ScriptAssemblies/Unity.RenderPipelines.Core.Editor.Shared.dll
[926/951    0s] MovedFromExtractor Library/Bee/artifacts/mvdfrm/Unity.RenderPipelines.Core.Editor.Shared.ref.dll_392028955DEA8D1E.mvfrm
[927/951    0s] MovedFromExtractor Library/Bee/artifacts/mvdfrm/Unity.RenderPipelines.Universal.2D.Runtime.ref.dll_DFDA5D4CA31262A6.mvfrm
[928/951    0s] ILPostProcess Library/Bee/artifacts/2400b0aE.dag/post-processed/Unity.RenderPipelines.Universal.2D.Runtime.dll (+pdb)
Processing assembly Library/Bee/artifacts/2400b0aE.dag/Unity.RenderPipelines.Universal.2D.Runtime.dll, with 141 defines and 314 references
processors: Unity.Jobs.CodeGen.JobsILPostProcessor, Unity.Pipeline.CodeGen.CodeReloadInPlaceILPostProcessor, zzzUnity.Burst.CodeGen.BurstILPostProcessor
running Unity.Jobs.CodeGen.JobsILPostProcessor
running Unity.Pipeline.CodeGen.CodeReloadInPlaceILPostProcessor
running zzzUnity.Burst.CodeGen.BurstILPostProcessor
[929/951    0s] CopyFiles Library/ScriptAssemblies/Unity.RenderPipelines.Universal.2D.Runtime.dll
[930/951    0s] CopyFiles Library/ScriptAssemblies/Unity.RenderPipelines.Universal.2D.Runtime.pdb
[931/951    5s] Csc Library/Bee/artifacts/2400b0aE.dag/Unity.ShaderGraph.Editor.dll (+2 others)
[           0s] Csc Library/Bee/artifacts/2400b0aE.dag/Unity.ShaderGraph.Editor.dll (+2 others) [CacheWrite a22ea4029c50cd322412a36457cd540b00000000000000000000000000000006]
[932/951    0s] MovedFromExtractor Library/Bee/artifacts/mvdfrm/Unity.ShaderGraph.Editor.ref.dll_B25B70C7A7E5DF46.mvfrm
[933/951    0s] MovedFromExtractor-Combine Library/Bee/artifacts/2400b0aE.dag/Unity.RenderPipelines.Universal.2D.Editor.Overrides.dll.mvfrm
[934/951    0s] MovedFromExtractor-Combine Library/Bee/artifacts/2400b0aE.dag/Unity.RenderPipelines.Universal.Editor.dll.mvfrm
[           0s] Csc Library/Bee/artifacts/2400b0aE.dag/Unity.RenderPipelines.Universal.2D.Editor.Overrides.dll (+2 others) [CacheMiss 4776ce77aff2a75c4c59bbd5e230fa0f00000000000000000000000000000006]
[           0s] Csc Library/Bee/artifacts/2400b0aE.dag/Unity.RenderPipelines.Universal.Editor.dll (+2 others) [CacheMiss 940ed99edad771e813a1c3ec8dfe7b1300000000000000000000000000000006]
[935/951    0s] ILPostProcess Library/Bee/artifacts/2400b0aE.dag/post-processed/Unity.ShaderGraph.Editor.dll (+pdb)
Processing assembly Library/Bee/artifacts/2400b0aE.dag/Unity.ShaderGraph.Editor.dll, with 136 defines and 326 references
processors: Unity.Jobs.CodeGen.JobsILPostProcessor, Unity.Pipeline.CodeGen.CodeReloadInPlaceILPostProcessor, zzzUnity.Burst.CodeGen.BurstILPostProcessor
1 processor(s) skipped this assembly
running Unity.Jobs.CodeGen.JobsILPostProcessor
running Unity.Pipeline.CodeGen.CodeReloadInPlaceILPostProcessor
[936/951    0s] CopyFiles Library/ScriptAssemblies/Unity.ShaderGraph.Editor.pdb
[937/951    0s] CopyFiles Library/ScriptAssemblies/Unity.ShaderGraph.Editor.dll
[938/951    0s] Csc Library/Bee/artifacts/2400b0aE.dag/Unity.RenderPipelines.Universal.2D.Editor.Overrides.dll (+2 others)
[           0s] Csc Library/Bee/artifacts/2400b0aE.dag/Unity.RenderPipelines.Universal.2D.Editor.Overrides.dll (+2 others) [CacheWrite 4776ce77aff2a75c4c59bbd5e230fa0f00000000000000000000000000000006]
[939/951    0s] ILPostProcess Library/Bee/artifacts/2400b0aE.dag/post-processed/Unity.RenderPipelines.Universal.2D.Editor.Overrides.dll (+pdb)
Processing assembly Library/Bee/artifacts/2400b0aE.dag/Unity.RenderPipelines.Universal.2D.Editor.Overrides.dll, with 137 defines and 328 references
processors: Unity.Jobs.CodeGen.JobsILPostProcessor, Unity.Pipeline.CodeGen.CodeReloadInPlaceILPostProcessor, zzzUnity.Burst.CodeGen.BurstILPostProcessor
1 processor(s) skipped this assembly
running Unity.Jobs.CodeGen.JobsILPostProcessor
running Unity.Pipeline.CodeGen.CodeReloadInPlaceILPostProcessor
[940/951    0s] CopyFiles Library/ScriptAssemblies/Unity.RenderPipelines.Universal.2D.Editor.Overrides.dll
[941/951    0s] CopyFiles Library/ScriptAssemblies/Unity.RenderPipelines.Universal.2D.Editor.Overrides.pdb
[942/951    0s] MovedFromExtractor Library/Bee/artifacts/mvdfrm/Unity.RenderPipelines.Universal.2D.Editor.Overrides.ref.dll_9F94AC807C2ECCEE.mvfrm
[943/951    2s] Csc Library/Bee/artifacts/2400b0aE.dag/Unity.RenderPipelines.Universal.Editor.dll (+2 others)
[           0s] Csc Library/Bee/artifacts/2400b0aE.dag/Unity.RenderPipelines.Universal.Editor.dll (+2 others) [CacheWrite 940ed99edad771e813a1c3ec8dfe7b1300000000000000000000000000000006]
[944/951    0s] MovedFromExtractor Library/Bee/artifacts/mvdfrm/Unity.RenderPipelines.Universal.Editor.ref.dll_677466F504AC0F67.mvfrm
[945/951    0s] MovedFromExtractor-Combine Library/Bee/artifacts/2400b0aE.dag/Assembly-CSharp.dll.mvfrm
[946/951    0s] ILPostProcess Library/Bee/artifacts/2400b0aE.dag/post-processed/Unity.RenderPipelines.Universal.Editor.dll (+pdb)
Processing assembly Library/Bee/artifacts/2400b0aE.dag/Unity.RenderPipelines.Universal.Editor.dll, with 140 defines and 332 references
processors: Unity.Jobs.CodeGen.JobsILPostProcessor, Unity.Pipeline.CodeGen.CodeReloadInPlaceILPostProcessor, zzzUnity.Burst.CodeGen.BurstILPostProcessor
1 processor(s) skipped this assembly
running Unity.Jobs.CodeGen.JobsILPostProcessor
running Unity.Pipeline.CodeGen.CodeReloadInPlaceILPostProcessor
[947/951    0s] MovedFromExtractor-Combine Library/Bee/artifacts/2400b0aE.dag/Assembly-CSharp-Editor.dll.mvfrm
[948/951    0s] CopyFiles Library/ScriptAssemblies/Unity.RenderPipelines.Universal.Editor.pdb
[949/951    0s] CopyFiles Library/ScriptAssemblies/Unity.RenderPipelines.Universal.Editor.dll
[950/951    0s] Csc Library/Bee/artifacts/2400b0aE.dag/Assembly-CSharp.dll (+2 others)
[951/951    0s] ILPostProcess Library/Bee/artifacts/2400b0aE.dag/post-processed/Assembly-CSharp.dll (+pdb)
Processing assembly Library/Bee/artifacts/2400b0aE.dag/Assembly-CSharp.dll, with 138 defines and 359 references
processors: Unity.Jobs.CodeGen.JobsILPostProcessor, Unity.Pipeline.CodeGen.CodeReloadInPlaceILPostProcessor, zzzUnity.Burst.CodeGen.BurstILPostProcessor
1 processor(s) skipped this assembly
running Unity.Jobs.CodeGen.JobsILPostProcessor
running Unity.Pipeline.CodeGen.CodeReloadInPlaceILPostProcessor
[952/951    0s] Csc Library/Bee/artifacts/2400b0aE.dag/Assembly-CSharp-Editor.dll (+2 others)
[953/951    0s] CopyFiles Library/ScriptAssemblies/Assembly-CSharp.dll
[954/951    0s] CopyFiles Library/ScriptAssemblies/Assembly-CSharp.pdb
[955/951    0s] ILPostProcess Library/Bee/artifacts/2400b0aE.dag/post-processed/Assembly-CSharp-Editor.dll (+pdb)
Processing assembly Library/Bee/artifacts/2400b0aE.dag/Assembly-CSharp-Editor.dll, with 136 defines and 384 references
processors: Unity.Jobs.CodeGen.JobsILPostProcessor, Unity.Pipeline.CodeGen.CodeReloadInPlaceILPostProcessor, zzzUnity.Burst.CodeGen.BurstILPostProcessor
1 processor(s) skipped this assembly
running Unity.Jobs.CodeGen.JobsILPostProcessor
running Unity.Pipeline.CodeGen.CodeReloadInPlaceILPostProcessor
[956/951    0s] CopyFiles Library/ScriptAssemblies/Assembly-CSharp-Editor.pdb
[957/951    0s] CopyFiles Library/ScriptAssemblies/Assembly-CSharp-Editor.dll
*** Tundra build success (43.28 seconds), 943 items updated, 951 evaluated
Total cache size 96684840
Total cache size after purge 96684840, took 00:00:00.0979880
AssetDatabase: script compilation time: 47.058319s
[Licensing::Client] Successfully resolved entitlement details
Begin MonoManager ReloadAssembly
Symbol file LoadedFromMemory is not a mono symbol file
'Packages/com.unity.render-pipelines.core/Editor/Deprecated.cs' contains partial class of Unity.Object, exactly 1 of the partial classes needs to be in a file with the same filename. This is to know the one that can be referenced from ie. GameObjects
'Packages/com.unity.render-pipelines.core/Editor/Deprecated.cs' contains partial class of Unity.Object, exactly 1 of the partial classes needs to be in a file with the same filename. This is to know the one that can be referenced from ie. GameObjects
Importing 'GUID: 00000000000000004000000000000000 - Path: ProjectSettings/ProjectSettings.asset' with importer (LibraryAssetImporter)
Imported 'GUID: 00000000000000004000000000000000' -> (Import Result ID: '89f7db874784099ff5a1111d9a940e0b') in 0.075 seconds [static dependencies only]. Details - ImportResultOutputID=054c890a8f4b6dddbea933bc5e4b7df4 DependenciesID=cdf35296cd17f2b1fbcb1d376360eb84 StaticDependenciesID=fc3a6a432c34c8d938649752ce050c50 
Importing 'GUID: 515520dfc1e54e462a5dcc421b57d06e - Path: Packages/com.unity.pipeline' with importer (DefaultImporter)
Imported 'GUID: 515520dfc1e54e462a5dcc421b57d06e' -> (Import Result ID: '3d834d4d6bd4b4cad2cd022ee619810b') in 0.003 seconds [static dependencies only]. Details - ImportResultOutputID=a0e283a6cadad66912e220cdf4468a5b DependenciesID=0bf9c2f35e25237af6aea5bfd9a6fb36 StaticDependenciesID=71759b3a656215399b6a137976e0de17 
Importing 'GUID: 4574d0aa216c573749cfc7599e6b0e1f - Path: Assets/Editor' with importer (DefaultImporter)
Imported 'GUID: 4574d0aa216c573749cfc7599e6b0e1f' -> (Import Result ID: 'aaebdcbbd84053dbe396c43278337255') in 0.014 seconds [static dependencies only]. Details - ImportResultOutputID=2e978a4653d5c3d6f6362811f28424af DependenciesID=d2c4e19d198844c8199a802468c87347 StaticDependenciesID=af92edbba53d7914ed9eea95f540818f 
Importing 'GUID: a5a20a36fab5ed4fc023d92d2ac579fb - Path: Packages/com.unity.nuget.newtonsoft-json' with importer (DefaultImporter)
Imported 'GUID: a5a20a36fab5ed4fc023d92d2ac579fb' -> (Import Result ID: '3595a84b1bb6baf721f54a6b5e9f2ff8') in 0.001 seconds [static dependencies only]. Details - ImportResultOutputID=a786190349ce643b4917b7738d7f95e9 DependenciesID=517f0f75f26219e9eec8770f8ad8feff StaticDependenciesID=41c3ddc70981c645543832ca807d1665 
Importing 'GUID: 5144d7ecd5530424ab66f205802d8c9e - Path: Packages/com.unity.pipeline/Editor' with importer (DefaultImporter)
Imported 'GUID: 5144d7ecd5530424ab66f205802d8c9e' -> (Import Result ID: '78cb19dcc2ea09d1a56f262b8d08c08d') in 0.001 seconds [static dependencies only]. Details - ImportResultOutputID=93978261a004994dcfccbe72abd79361 DependenciesID=eb61de697acca6123c9a0801d9f52456 StaticDependenciesID=d4cc8567d42e5b041a38233f4ef8e697 
Importing 'GUID: a9bf7426ce9ccf4448467e47c849c567 - Path: Packages/com.unity.pipeline/Runtime' with importer (DefaultImporter)
Imported 'GUID: a9bf7426ce9ccf4448467e47c849c567' -> (Import Result ID: 'a1c086e1a0ae0147315094ce194578f6') in 0.001 seconds [static dependencies only]. Details - ImportResultOutputID=0a6ebe1e589504f63e2e49cc52b91c71 DependenciesID=f6cd78eaff197c182f2ff36c942b8f13 StaticDependenciesID=a7a43b057733f1e8a56fc9550353540b 
Importing 'GUID: 8b1d193bfb6e52d44975ae298a3c060a - Path: Packages/com.unity.pipeline/CodeGen' with importer (DefaultImporter)
Imported 'GUID: 8b1d193bfb6e52d44975ae298a3c060a' -> (Import Result ID: 'b0e7814846a9fc2a8e409478cca23dcb') in 0.001 seconds [static dependencies only]. Details - ImportResultOutputID=fd38d7c32e6c5f5cec9594a1bce0ac73 DependenciesID=b97c3bc0eda6a28130e14aa13ac31b86 StaticDependenciesID=e81f90f40223cd20df184d25d4dabda6 
Importing 'GUID: de1c7164adaf49d47b5de31c140713c9 - Path: Packages/com.unity.nuget.newtonsoft-json/Runtime' with importer (DefaultImporter)
Imported 'GUID: de1c7164adaf49d47b5de31c140713c9' -> (Import Result ID: '7f31ecc781ea153eb78527518acf3ca4') in 0.001 seconds [static dependencies only]. Details - ImportResultOutputID=fe6762db15afb32b6d18364173824662 DependenciesID=36379ea8bdae4311a9a5523ee7b33fea StaticDependenciesID=10e65b8f1fe7b82582df40f90deee53c 
Importing 'GUID: 114afe9c22f14d80babb5231767c7d61 - Path: Packages/com.unity.pipeline/Runtime/Telemetry' with importer (DefaultImporter)
Imported 'GUID: 114afe9c22f14d80babb5231767c7d61' -> (Import Result ID: '24270601c34b8bfda42c6efcc5be6533') in 0.001 seconds [static dependencies only]. Details - ImportResultOutputID=d9b66f7897cb7937e7577260e452b69a DependenciesID=270b67e5e2056d0829482a57f2088f25 StaticDependenciesID=6b21aa9b7371a2e5583f4da0c2d75887 
Importing 'GUID: 113bc2bcfe487eb469aa654e6718f78b - Path: Packages/com.unity.pipeline/Editor/Authoring' with importer (DefaultImporter)
Imported 'GUID: 113bc2bcfe487eb469aa654e6718f78b' -> (Import Result ID: '607cd11989c9299a7a7f27e1fc218988') in 0.001 seconds [static dependencies only]. Details - ImportResultOutputID=640e304cd68ba5fe25b7e339e75eafff DependenciesID=72cd58b27950fde35961bd51e141dd98 StaticDependenciesID=b208923d8188878207ace5510dcf2d23 
Importing 'GUID: 128b6cd5b150eb54e940418250b3ebf1 - Path: Packages/com.unity.pipeline/Runtime/IlInterpreter' with importer (DefaultImporter)
Imported 'GUID: 128b6cd5b150eb54e940418250b3ebf1' -> (Import Result ID: '70f3deed9211d910c4bc5a07ec2e0a94') in 0.001 seconds [static dependencies only]. Details - ImportResultOutputID=9aecbc2f99ecb4f5f1fd47e65c084aa2 DependenciesID=d195848c5c0fa36417f783af8e6c82c2 StaticDependenciesID=a7bc7c5cecfb9b23ccc092d3d171f233 
Importing 'GUID: a25774b4dfb214b4f8c39d802c589d7d - Path: Packages/com.unity.pipeline/Runtime/Plugins' with importer (DefaultImporter)
Imported 'GUID: a25774b4dfb214b4f8c39d802c589d7d' -> (Import Result ID: 'd72f2bea89be977a3d5d725c906dc22a') in 0.001 seconds [static dependencies only]. Details - ImportResultOutputID=0f24e4755cbd6c5e90a1b79eb32fe5bc DependenciesID=272863dacefc6c37312a1e671b70f441 StaticDependenciesID=b7ba30751b8a7f336e4ed0bb6a40f7ea 
Importing 'GUID: c29607a31a43d7149b8296de99b81d8e - Path: Packages/com.unity.pipeline/Runtime/CodeReload' with importer (DefaultImporter)
Imported 'GUID: c29607a31a43d7149b8296de99b81d8e' -> (Import Result ID: '759dd6fa5d46981a68f2d0638ce50fbe') in 0.001 seconds [static dependencies only]. Details - ImportResultOutputID=f6033f3578b0ad39d4d0796cf4b41ac0 DependenciesID=9fa730a48190f46ea4c1e216a35e9acc StaticDependenciesID=fe534d5f3fca04d7cc3405781eb977c0 
Importing 'GUID: 14f21d7a1e53a8c4e87b25526a7eb63c - Path: Packages/com.unity.nuget.newtonsoft-json/Runtime/AOT' with importer (DefaultImporter)
Imported 'GUID: 14f21d7a1e53a8c4e87b25526a7eb63c' -> (Import Result ID: 'c2128952c699f9943c0a258348aeb341') in 0.001 seconds [static dependencies only]. Details - ImportResultOutputID=1f008c909cc773631bd998f2d8d67f39 DependenciesID=4006d5ab5d965913da15a9f2696c47ae StaticDependenciesID=d4c10699f9429ec0b094dafb32da3e50 
Importing 'GUID: 257ad47737473da48b7569484405904e - Path: Packages/com.unity.pipeline/Runtime/Compilation' with importer (DefaultImporter)
Imported 'GUID: 257ad47737473da48b7569484405904e' -> (Import Result ID: '8a3c09971cff31488f3dc49d3590e6da') in 0.001 seconds [static dependencies only]. Details - ImportResultOutputID=04995b82b52d571bc9ae2612dd21ff83 DependenciesID=5ad63672efcd38948097aa26bab67f8b StaticDependenciesID=beab53f1251f812b2b069c86ef836f5c 
Importing 'GUID: e52bfc361c2ed7846a3c4c69b24828c5 - Path: Packages/com.unity.pipeline/Editor/Commands' with importer (DefaultImporter)
Imported 'GUID: e52bfc361c2ed7846a3c4c69b24828c5' -> (Import Result ID: '1e6887b1a679abf8322b09c87f8898dc') in 0.001 seconds [static dependencies only]. Details - ImportResultOutputID=521e77eb3587fe9bab3892e92dff50ea DependenciesID=76dac3047538fa2dfe65bfdddb93f2d6 StaticDependenciesID=d0b0cba101518cb5f51fe550ea99e5eb 
Importing 'GUID: 67704748e63416c4c959bd6de99b4c4f - Path: Packages/com.unity.pipeline/Runtime/Commands' with importer (DefaultImporter)
Imported 'GUID: 67704748e63416c4c959bd6de99b4c4f' -> (Import Result ID: '363c417aae4b0f0438b5b204a2849512') in 0.001 seconds [static dependencies only]. Details - ImportResultOutputID=9e8d4057cb1c1b06502aa291ced62cd2 DependenciesID=59afa20d7ec26cffa67f0a2ad54aec3f StaticDependenciesID=5b48a98dd99fea7620d3d2c523b28dda 
Importing 'GUID: 487c1aaaab92fe74884c8b7b0442128a - Path: Packages/com.unity.pipeline/Editor/Testing' with importer (DefaultImporter)
Imported 'GUID: 487c1aaaab92fe74884c8b7b0442128a' -> (Import Result ID: 'ce5117f609e16644e39cc07d4a9c595b') in 0.001 seconds [static dependencies only]. Details - ImportResultOutputID=4e95dcc5832c97418a30262b45e0c2b0 DependenciesID=42e963af2a4afd62d4d080928b8a9d94 StaticDependenciesID=a6010c8deed34b16dd1e1214b7b10c05 
Importing 'GUID: 68a343bc078aa5e459201276f7813b32 - Path: Packages/com.unity.pipeline/Runtime/Models' with importer (DefaultImporter)
Imported 'GUID: 68a343bc078aa5e459201276f7813b32' -> (Import Result ID: 'b8cb0a1d17d75ea0d79e7737b669b882') in 0.001 seconds [static dependencies only]. Details - ImportResultOutputID=ef18fdfb616f70421056ffeca4c528d7 DependenciesID=4fe45feaad8c678da290a2da29b3ea78 StaticDependenciesID=6a950510f2ca7a82e8d53f611bb74eff 
Importing 'GUID: 98aa20a2d767cba16cc6922b9e5bb32b - Path: Packages/com.unity.pipeline/Editor/Console' with importer (DefaultImporter)
Imported 'GUID: 98aa20a2d767cba16cc6922b9e5bb32b' -> (Import Result ID: '321cf21240f93d9a2b30589c30e1eb0e') in 0.001 seconds [static dependencies only]. Details - ImportResultOutputID=cadc1bc280cf5f112235d35c7812f461 DependenciesID=4710885dcc6f78a0fed43830d7c3e86f StaticDependenciesID=d292f89d9102e72d5884370c4b6d106b 
Importing 'GUID: a83ffb4c25f355a419ba91b8fc12ca48 - Path: Packages/com.unity.pipeline/Runtime/Analyzers' with importer (DefaultImporter)
Imported 'GUID: a83ffb4c25f355a419ba91b8fc12ca48' -> (Import Result ID: '966f9be35cbf28f1a7797c2598032d88') in 0.001 seconds [static dependencies only]. Details - ImportResultOutputID=b34d9eb319a68d58ee0fdbfbfbf8a85c DependenciesID=dba3683da1810a0d1d945853a7dd139a StaticDependenciesID=f2f4ea7dce96bfebfca94a8ccacea046 
Importing 'GUID: c9f4a11d82a4dd54d93200f6c3aa4678 - Path: Packages/com.unity.pipeline/Runtime/Common' with importer (DefaultImporter)
Imported 'GUID: c9f4a11d82a4dd54d93200f6c3aa4678' -> (Import Result ID: '32f16f27b9a8f332a31e7b775dcb035c') in 0.001 seconds [static dependencies only]. Details - ImportResultOutputID=701e0cd1cb50faeb7dff0eed7359ddaa DependenciesID=2fdb1dce25343457f88c0bedfbca8e98 StaticDependenciesID=fb65f0b134372ed788da3b7c34e44390 
Importing 'GUID: 4a339d7263cb1ac4f879d79c8e7fe3ca - Path: Packages/com.unity.pipeline/Runtime/PlayerSupport' with importer (DefaultImporter)
Imported 'GUID: 4a339d7263cb1ac4f879d79c8e7fe3ca' -> (Import Result ID: 'd3530b214735938b9b07565996535d48') in 0.001 seconds [static dependencies only]. Details - ImportResultOutputID=f7a206b53debdb705a3b447a1649692a DependenciesID=1eae7a9dce92be1a20360f39734c81e4 StaticDependenciesID=4d91ba3a3c4cf53fbc69d8cf175c4453 
Importing 'GUID: 6a4d02bf29da41d499ea151c638ee920 - Path: Packages/com.unity.pipeline/Editor/BuildProcessors' with importer (DefaultImporter)
Imported 'GUID: 6a4d02bf29da41d499ea151c638ee920' -> (Import Result ID: 'ed9f50bc5558c046b9e82e04e64c9bee') in 0.001 seconds [static dependencies only]. Details - ImportResultOutputID=d0aa271f08defb7b2163e49b509167fc DependenciesID=1a496146218dfe5edc9ac83e247aa7fc StaticDependenciesID=4cf9eaeed15c36b43723956640a5e9f7 
Importing 'GUID: 7c1f4a9e2b6d4c8f9a0e3d5b7c1a2f48 - Path: Packages/com.unity.pipeline/Runtime/Console' with importer (DefaultImporter)
Imported 'GUID: 7c1f4a9e2b6d4c8f9a0e3d5b7c1a2f48' -> (Import Result ID: '2d310ec4671f992176120cca3b4ba731') in 0.001 seconds [static dependencies only]. Details - ImportResultOutputID=2b64526cf1e2fa165aa6ccd3104d4d5a DependenciesID=550cb21035ef641e7aca05bb4f1c3db7 StaticDependenciesID=8217073a081383fd0703777f181b5dd2 
Importing 'GUID: 3da432e2a5ea462089d41e21aa49f59b - Path: Packages/com.unity.pipeline/Runtime/Attributes' with importer (DefaultImporter)
Imported 'GUID: 3da432e2a5ea462089d41e21aa49f59b' -> (Import Result ID: '95c353a6105fc0efc34df535e350630c') in 0.001 seconds [static dependencies only]. Details - ImportResultOutputID=6945bb4a7233064c9c8d2323c9b01efb DependenciesID=e9e7ccc68c7e541954dceb96537210b8 StaticDependenciesID=2f82e4365ec80dfe2796983c1903129b 
Importing 'GUID: 014d6925adce7c84bb3742e7557d8581 - Path: Packages/com.unity.pipeline/Runtime/Plugins/CodeAnalysis' with importer (DefaultImporter)
Imported 'GUID: 014d6925adce7c84bb3742e7557d8581' -> (Import Result ID: '99aae0706d15d1396588243b7aec1117') in 0.001 seconds [static dependencies only]. Details - ImportResultOutputID=27e91d49998bfa6bf408f0f78921b15c DependenciesID=3a43bc9419bcdfcae8eca56c83beb4e1 StaticDependenciesID=9eca6b4b2d02a5e2949eca8ce8cc371a 
Importing 'GUID: 31cd60e0286e77f4cb5baaaa7a3d6377 - Path: Packages/com.unity.pipeline/Editor/Commands/Navigation' with importer (DefaultImporter)
Imported 'GUID: 31cd60e0286e77f4cb5baaaa7a3d6377' -> (Import Result ID: 'e819ad41d3a29cd6c7a3b1ae9f154f85') in 0.001 seconds [static dependencies only]. Details - ImportResultOutputID=5a4af92a0db0d254cd0eeef030b2e1b9 DependenciesID=c12bf6671c690dd73615787dd94d7d85 StaticDependenciesID=2a8e4a3b346592efe43635a9d34c117a 
Importing 'GUID: c2281ed89e8a4db9a14ec523905221f9 - Path: Packages/com.unity.pipeline/Editor/Commands/GameObjects' with importer (DefaultImporter)
Imported 'GUID: c2281ed89e8a4db9a14ec523905221f9' -> (Import Result ID: '8d97716d1c402b128697d8e4ff57c27d') in 0.001 seconds [static dependencies only]. Details - ImportResultOutputID=f7898817d8f25b39ce07f6ad154c8692 DependenciesID=477dbfdca2f96147e8f70d85e621e890 StaticDependenciesID=b0c646a84c8493dc3ab1bf4bb34cc19a 
Importing 'GUID: c4d83f412a414f419f97bac28b65f25b - Path: Packages/com.unity.pipeline/Editor/Commands/Scripts' with importer (DefaultImporter)
Imported 'GUID: c4d83f412a414f419f97bac28b65f25b' -> (Import Result ID: '95c531e1d816fadcf145aabf9cefd2cf') in 0.001 seconds [static dependencies only]. Details - ImportResultOutputID=209f833de1206dc8b284172173d5e913 DependenciesID=8a06b95d4c73c1bae7687ae1de319264 StaticDependenciesID=fc362bad5cc7beebd2ae76c7a3ddda85 
Importing 'GUID: 7512e3b6952430f4b8fb5c67dd22f13f - Path: Packages/com.unity.pipeline/Editor/Commands/Authoring' with importer (DefaultImporter)
Imported 'GUID: 7512e3b6952430f4b8fb5c67dd22f13f' -> (Import Result ID: '435fd6d2f6ba5d7e8e90a221050f7818') in 0.001 seconds [static dependencies only]. Details - ImportResultOutputID=dc54a2a0448ebcb76c42db27ee76a92e DependenciesID=78afce4152cac98906a99dd26f08f51b StaticDependenciesID=97297faae012778a085047286a8aa18f 
Importing 'GUID: 758dc2e598a448e5b80e66443fede0d9 - Path: Packages/com.unity.pipeline/Editor/Commands/Baking' with importer (DefaultImporter)
Imported 'GUID: 758dc2e598a448e5b80e66443fede0d9' -> (Import Result ID: '72b391496568f9bf3b6ab821f04aa3f8') in 0.001 seconds [static dependencies only]. Details - ImportResultOutputID=6fbf735dc4a97994ea1953ad166dae9e DependenciesID=03afed4611ef79c46140094470021682 StaticDependenciesID=92bb30b8f67b9ff01425f41a95989ccf 
Importing 'GUID: a511f17b426c94dbb8b78d0869749d40 - Path: Packages/com.unity.pipeline/Editor/Commands/ProjectAudit' with importer (DefaultImporter)
Imported 'GUID: a511f17b426c94dbb8b78d0869749d40' -> (Import Result ID: '0d3040eae15eeeb43fae1fa7c68ce209') in 0.001 seconds [static dependencies only]. Details - ImportResultOutputID=8a36a88dbb2025120b68860fa1a2d8e3 DependenciesID=f89b1a25ab52dc70540c8577fff0584d StaticDependenciesID=aec367546971795fbbe68f819fb5d3f8 
Importing 'GUID: 87f4434ff2c6ed6419e6982345ffe0ef - Path: Packages/com.unity.pipeline/Editor/Commands/Capture' with importer (DefaultImporter)
Imported 'GUID: 87f4434ff2c6ed6419e6982345ffe0ef' -> (Import Result ID: 'a1e00b65edc96d72d9d3e108e820f2df') in 0.001 seconds [static dependencies only]. Details - ImportResultOutputID=d60fdbd2aa3084f8b26063117b8910ed DependenciesID=96f7fdd5611b273290e103167503fcaa StaticDependenciesID=39de50bdbb5d86809661e6ba1b2134f1 
Importing 'GUID: d7cf2e413ccd43f0b9dfb4db22c6cb29 - Path: Packages/com.unity.pipeline/Editor/Commands/Scenes' with importer (DefaultImporter)
Imported 'GUID: d7cf2e413ccd43f0b9dfb4db22c6cb29' -> (Import Result ID: '619766a02964e7885db244083ad5f7eb') in 0.001 seconds [static dependencies only]. Details - ImportResultOutputID=030c0e65af499919e5a3c17aa1d0007c DependenciesID=bb89c24b3a1ea988266cadcca66bf680 StaticDependenciesID=0d64b03cf1e46f01fa7beae11af31f5d 
Importing 'GUID: 4841c84bba2a471eb3fb429f79e3b118 - Path: Packages/com.unity.pipeline/Editor/Commands/Materials' with importer (DefaultImporter)
Imported 'GUID: 4841c84bba2a471eb3fb429f79e3b118' -> (Import Result ID: '94e99683ee99418dc0606def3d15da69') in 0.001 seconds [static dependencies only]. Details - ImportResultOutputID=43a974ac1dbfc61447a2d62fd6f23db6 DependenciesID=9914eb47500629ab8c95b75fb74abbf3 StaticDependenciesID=8373e7ac64d060260229eef60e736972 
Importing 'GUID: 881bcacc155b44229761a2e2b2917fae - Path: Packages/com.unity.pipeline/Editor/Commands/Animation' with importer (DefaultImporter)
Imported 'GUID: 881bcacc155b44229761a2e2b2917fae' -> (Import Result ID: 'e21329da223e11ac9a3e7e11255728e9') in 0.001 seconds [static dependencies only]. Details - ImportResultOutputID=db65663c9e18c4e7f23cf133e4678e8a DependenciesID=23c39d0c15b241e08f401edc56c6674b StaticDependenciesID=e90916dee771a28c9583565bb3889691 
Importing 'GUID: 39163f849a3aebd47a3f718fdc0224f9 - Path: Packages/com.unity.pipeline/Editor/Commands/Assets' with importer (DefaultImporter)
Imported 'GUID: 39163f849a3aebd47a3f718fdc0224f9' -> (Import Result ID: '4b0e45f2dd87db9a8c2c676a63b0fea7') in 0.001 seconds [static dependencies only]. Details - ImportResultOutputID=b3d4c87f71c1915c0d9eed23d47b653b DependenciesID=17fb01b2208b35d27c3b7914aa156d8f StaticDependenciesID=41cd4baec2bfb1c2fe099d881e62bf58 
Importing 'GUID: 7a7cc3922a14b4741a17d985bb6be540 - Path: Packages/com.unity.pipeline/Editor/Commands/Observability' with importer (DefaultImporter)
Imported 'GUID: 7a7cc3922a14b4741a17d985bb6be540' -> (Import Result ID: '00d5c1cb9314ef8f96c3beffa0bd5c9b') in 0.001 seconds [static dependencies only]. Details - ImportResultOutputID=4da77ff012fc04e6191bdcd995b15ea5 DependenciesID=16335d38901cf3d4490ee83aa527c774 StaticDependenciesID=6ef06d9df90194950d13753975cadc28 
Importing 'GUID: 2b9ea99052584c228968a32f1c614458 - Path: Packages/com.unity.pipeline/Editor/Commands/Batch' with importer (DefaultImporter)
Imported 'GUID: 2b9ea99052584c228968a32f1c614458' -> (Import Result ID: '8bce267c21cb0dc69b7002d0f1afbb16') in 0.001 seconds [static dependencies only]. Details - ImportResultOutputID=3737259e05bb346c03e22eb6f910f21a DependenciesID=288721c5b3e8d4389e3038de21477160 StaticDependenciesID=3e2fff158f61e5487a2110b3a63780cb 
Importing 'GUID: bdb8ef5b0513b0d488ac3be1a9a77185 - Path: Packages/com.unity.pipeline/Editor/Commands/Build' with importer (DefaultImporter)
Imported 'GUID: bdb8ef5b0513b0d488ac3be1a9a77185' -> (Import Result ID: 'f08e7884fd1e30d61bfce87f45530c21') in 0.001 seconds [static dependencies only]. Details - ImportResultOutputID=a7bd70aacfcdbb8d124b380eeb061a3e DependenciesID=4697234cf7ca25d1d0a7d0f30d2721bf StaticDependenciesID=53125b31b06ce8408d4422102a7faad9 
Importing 'GUID: fdbdf731f3ad41fca20634ebcf5f4d7e - Path: Packages/com.unity.pipeline/Editor/Commands/PackageManager' with importer (DefaultImporter)
Imported 'GUID: fdbdf731f3ad41fca20634ebcf5f4d7e' -> (Import Result ID: '9c0389abbf20eadc68800631ca0dccce') in 0.001 seconds [static dependencies only]. Details - ImportResultOutputID=87ed836cda2fc955aa1056dc04290df8 DependenciesID=3f7a25a97ed12eb29e0f622f7af68fa8 StaticDependenciesID=b7670937ea9f6ccfe2b603e16e11bca0 
Importing 'GUID: 1e6ed0649e884a59b7403a2f28a87644 - Path: Packages/com.unity.pipeline/Editor/Commands/Prefabs' with importer (DefaultImporter)
Imported 'GUID: 1e6ed0649e884a59b7403a2f28a87644' -> (Import Result ID: '59a4e804e0f93d8d1b85b32bf7a597ac') in 0.001 seconds [static dependencies only]. Details - ImportResultOutputID=4e9277d8a76982d373ca53f932d2c617 DependenciesID=19a85c68b8c971ff37d0edd7ae3dbab5 StaticDependenciesID=4ba1dd216a60b4f90f0fa1f55dd00ece 
Importing 'GUID: 8fe6d0edfccd2e8429890cf65cb7417c - Path: Packages/com.unity.pipeline/Editor/Commands/ProjectSettings' with importer (DefaultImporter)
Imported 'GUID: 8fe6d0edfccd2e8429890cf65cb7417c' -> (Import Result ID: 'e86195300f642e451251c6e8f000c8a7') in 0.001 seconds [static dependencies only]. Details - ImportResultOutputID=e762e41a8780ba272eeefd20e2d33ae2 DependenciesID=83c35e7105c3beebeb9eb82d2a29e915 StaticDependenciesID=0388c6e552a5099d74b63409e46f5b45 
Importing 'GUID: 71e9815631ba2574b92564e93b8efc9c - Path: Packages/com.unity.pipeline/Runtime/Unity.Pipeline.asmdef' with importer (AssemblyDefinitionImporter)
Imported 'GUID: 71e9815631ba2574b92564e93b8efc9c' -> (Import Result ID: 'ebec3b12ef555ad4bc8b2cb0f2130cb6') in 0.002 seconds [static dependencies only]. Details - ImportResultOutputID=4daf0fefaa1293abe6d91acf9f2f7329 DependenciesID=95fed3b4956f6550531c8dc429a0e1cf StaticDependenciesID=487d00ee0287631ed1ea562988d4141b 
Importing 'GUID: 3352b3594156b1b49bc408b732c23df5 - Path: Packages/com.unity.pipeline/Runtime/IlInterpreter/Unity.Pipeline.IlInterpreter.asmdef' with importer (AssemblyDefinitionImporter)
Imported 'GUID: 3352b3594156b1b49bc408b732c23df5' -> (Import Result ID: 'bdbe969e4c17acc324cb07ac296c2acd') in 0.001 seconds [static dependencies only]. Details - ImportResultOutputID=cab4154ea0af279a47f5e81535b1adab DependenciesID=7a289ad90150142cc454a00651732cbb StaticDependenciesID=448ffa41c002db75803f7c1b8b789863 
Importing 'GUID: a3ca9b2d97442e0499ea28b681f751d9 - Path: Packages/com.unity.pipeline/Editor/Unity.Pipeline.Editor.asmdef' with importer (AssemblyDefinitionImporter)
Imported 'GUID: a3ca9b2d97442e0499ea28b681f751d9' -> (Import Result ID: 'c7246951422b1452237a2683f4583e53') in 0.001 seconds [static dependencies only]. Details - ImportResultOutputID=a7c52bf826bff38e0405472e1973f39f DependenciesID=8fb3007c4a224509a6f8c9b813163a74 StaticDependenciesID=d99ea47a297167f57d7446db5cd2c3af 
Importing 'GUID: b522baaf20314499ba2deea8dd838496 - Path: Packages/com.unity.pipeline/Runtime/Attributes/Unity.Pipeline.Attributes.asmdef' with importer (AssemblyDefinitionImporter)
Imported 'GUID: b522baaf20314499ba2deea8dd838496' -> (Import Result ID: '42480c41cd2065e7f2cfb5beef6f0112') in 0.001 seconds [static dependencies only]. Details - ImportResultOutputID=b07a05a92885ce7b67cec8a15732b50c DependenciesID=86934b7cc6aea78f3ad5c1575bd6b651 StaticDependenciesID=7ca5b359fe79c593a8b7de9f054b9c47 
Importing 'GUID: 3d86918fcc1e40b8a17542a4bacf8dbc - Path: Packages/com.unity.pipeline/CodeGen/Unity.Pipeline.CodeGen.asmdef' with importer (AssemblyDefinitionImporter)
Imported 'GUID: 3d86918fcc1e40b8a17542a4bacf8dbc' -> (Import Result ID: '68672c90d78887b02809c1874797b2c4') in 0.001 seconds [static dependencies only]. Details - ImportResultOutputID=1ae97a22398d6c2e23847414b83c2a74 DependenciesID=21acd4333c56e9bc8a3b8a2d85bb5b79 StaticDependenciesID=65e468626add54e18ea2f490c1577809 
Native extension for LinuxStandalone target not found
Native extension for WebGL target not found
Start HTTP server: port:7800
Refreshing native plugins compatible for Editor in 4.34 ms, found 0 plugins.
ScheduleIndexationOnStartup MainProcess:True IndexOnStartup:True
Scripting: successfully reloaded assembly
- Finished resetting the current domain, in  2.514 seconds
Domain Reload Profiling: 4958ms
	BeginReloadAssembly (578ms)
		DisableScriptedObjects (49ms)
		CreateAndSetChildDomain (146ms)
	RebuildCommonClasses (17ms)
	RebuildNativeTypeToScriptingClass (22ms)
	initialDomainReloadingComplete (191ms)
	LoadAllAssembliesAndSetupDomain (1633ms)
		LoadAssemblies (1000ms)
		TypeCache.Refresh (417ms)
			TypeCache.ScanAssembly (390ms)
		AnalyzeDomain (158ms)
			BuildScriptInfoCaches (139ms)
			ResolveRequiredComponents (17ms)
	FinalizeReload (2517ms)
		SetupLoadedEditorAssemblies (0ms)
			LogAssemblyErrors (3ms)
			InitializePlatformSupportModulesInManaged (4ms)
			BeforeProcessingInitializeOnLoad (233ms)
			ProcessInitializeOnLoadAttributes (1168ms)
			ProcessInitializeOnLoadMethodAttributes (170ms)
			AfterProcessingInitializeOnLoad (9ms)
			EditorAssembliesLoaded (3ms)
		AwakeInstancesAfterBackupRestoration (52ms)
Starting new worker id: 0 with log in /home/pontus-akerman/Desktop/ADCS-project/ADCS_Project/Unity Assets/Unity-Ros-ADCS/Logs/AssetImportWorkerHW0.log
Importing 'GUID: cbc57dbad3c6f114d94ced75a1f9737d - Path: Packages/com.unity.pipeline/CODEOWNERS' with importer (DefaultImporter)
Imported 'GUID: cbc57dbad3c6f114d94ced75a1f9737d' -> (Import Result ID: '5ff4df4fe985a9b52d36de3bf4bd9dbb') in 0.082 seconds [static dependencies only]. Details - ImportResultOutputID=8404141bd3946e4b963454f46eee9d25 DependenciesID=47e4df6879f7585852cb76c88dc567d8 StaticDependenciesID=cb85f24c3bc388ea4963ce889c3b7e1c 
Importing 'GUID: 7d34f3cc1c0185b4990cf748e55a8688 - Path: Packages/com.unity.nuget.newtonsoft-json/Runtime/Newtonsoft.Json.pdb' with importer (DefaultImporter)
Imported 'GUID: 7d34f3cc1c0185b4990cf748e55a8688' -> (Import Result ID: '74f8ed25bbbf4f7ecdd5f086651291be') in 0.006 seconds [static dependencies only]. Details - ImportResultOutputID=a0dd6b672dbc1636ef3cb5fd8383b4ab DependenciesID=77c588be16425798f3a87992571b76a1 StaticDependenciesID=c19939e8c4c5e8ed7522893d42c91425 
Importing 'GUID: 1396f5bdc432cd247ac75b97a31e4d1a - Path: Packages/com.unity.nuget.newtonsoft-json/Runtime/AOT/Newtonsoft.Json.pdb' with importer (DefaultImporter)
Imported 'GUID: 1396f5bdc432cd247ac75b97a31e4d1a' -> (Import Result ID: '6d47373ece70ba4815b5aafafc7c047c') in 0.001 seconds [static dependencies only]. Details - ImportResultOutputID=69995d333011451f10bc43f284eb62db DependenciesID=b73296531138ae56fabe83ae472f22e4 StaticDependenciesID=057532221e48c49cebe5a35adaee63d8 
Importing 'GUID: b61d5dbe422f84644aa94e10778b9e94 - Path: Packages/com.unity.pipeline/Runtime/Plugins/CodeAnalysis/CHECKSUMS' with importer (DefaultImporter)
Imported 'GUID: b61d5dbe422f84644aa94e10778b9e94' -> (Import Result ID: '0ba17b17808ca5d4edb88d3705655985') in 0.027 seconds [static dependencies only]. Details - ImportResultOutputID=682ce5597a0ed7f2dc28a918174adab2 DependenciesID=635444ea06032cc6e9b36d349ab5ca9d StaticDependenciesID=824f83340131cca258fd78ee4d4da662 
Importing 'GUID: c07017e56bf04bf4992412964a20140c - Path: Packages/com.unity.pipeline/LICENSE.md' with importer (TextScriptImporter)
Imported 'GUID: c07017e56bf04bf4992412964a20140c' -> (Import Result ID: '9a79fd199d9374485cb5aeeb30d1be83') in 0.011 seconds [static dependencies only]. Details - ImportResultOutputID=b1904cdf8d9d0a1af20133c40f38b5ae DependenciesID=8000ecb9333bda9d5438a475e18a3a42 StaticDependenciesID=6495b2b46e9a3548fe5f98106d7e1c72 
Importing 'GUID: 31c7851e2d2b498f938be27e1a7138a9 - Path: Packages/com.unity.pipeline/Third Party Notices.md' with importer (TextScriptImporter)
Imported 'GUID: 31c7851e2d2b498f938be27e1a7138a9' -> (Import Result ID: 'b4c8d66825bb8d27ec5dc627588ec459') in 0.008 seconds [static dependencies only]. Details - ImportResultOutputID=726aea799c733155e68f24e0cc5d325f DependenciesID=3a308053a51ebfc3c699f71af44d558b StaticDependenciesID=5ff3bdbfb12fb11f9844722e68231ea2 
Importing 'GUID: 51bd45ca4f0f28342a12f4b0c80e9f4f - Path: Packages/com.unity.nuget.newtonsoft-json/README.md' with importer (TextScriptImporter)
Imported 'GUID: 51bd45ca4f0f28342a12f4b0c80e9f4f' -> (Import Result ID: '2f70735fd5cc082ce8e234efa258c626') in 0.006 seconds [static dependencies only]. Details - ImportResultOutputID=cb412ed2c820538562167ff23c8dff6e DependenciesID=09000b10d246e41f0f9da8e9e67b5297 StaticDependenciesID=cd07f7f5f636a4b02d61efb237d25103 
Importing 'GUID: d1a2488a30b969941afb4af17c063ad3 - Path: Packages/com.unity.pipeline/README.md' with importer (TextScriptImporter)
Imported 'GUID: d1a2488a30b969941afb4af17c063ad3' -> (Import Result ID: '43eda4e430a125fe3283c90eeb8f8671') in 0.015 seconds [static dependencies only]. Details - ImportResultOutputID=6affe783f570bc319e63f8247af799f1 DependenciesID=126c25db768aae76389d709423bc4a1a StaticDependenciesID=df6c5a935f1dd985ff912c278c68be72 
Importing 'GUID: 634480e645628f944b7b9ce8c0a3d70a - Path: Packages/com.unity.pipeline/package.json' with importer (PackageManifestImporter)
Imported 'GUID: 634480e645628f944b7b9ce8c0a3d70a' -> (Import Result ID: 'a8415eead812dffa395d188fc88af046') in 0.113 seconds [static dependencies only]. Details - ImportResultOutputID=7ed3ff2dd8758eab4a331a884d79058f DependenciesID=b09f3867547b50304ffa1b10e40157e2 StaticDependenciesID=e47ad32dc5c82409f0315aad7a97349a 
Importing 'GUID: 24efe08f95549ab4699df4c1b55703e5 - Path: Packages/com.unity.nuget.newtonsoft-json/LICENSE.md' with importer (TextScriptImporter)
Imported 'GUID: 24efe08f95549ab4699df4c1b55703e5' -> (Import Result ID: 'd8eacc87ea2b9cbc71bbbead8b337e34') in 0.013 seconds [static dependencies only]. Details - ImportResultOutputID=37940af77dc19098ee94ac2bbeecd80a DependenciesID=b79c5b02b9e5c83d00dde3409cf72936 StaticDependenciesID=f834eadff454e8358bd2d40ac2d4054b 
Importing 'GUID: 9422d9b1fde3cf644b4a0dddd10a7348 - Path: Packages/com.unity.nuget.newtonsoft-json/Third Party Notices.md' with importer (TextScriptImporter)
Imported 'GUID: 9422d9b1fde3cf644b4a0dddd10a7348' -> (Import Result ID: 'a5e6dd85ae482e515f05d3f8491f237d') in 0.004 seconds [static dependencies only]. Details - ImportResultOutputID=c1ea3cd0b9fa7e3e603ec1037ceb6520 DependenciesID=d77e94b106acb02ac57793e7e056257e StaticDependenciesID=0184b4377f5f2bf67fb6db860275b073 
Importing 'GUID: 75cd0dccc034c6543afb4f969beca6af - Path: Packages/com.unity.pipeline/CHANGELOG.md' with importer (TextScriptImporter)
Imported 'GUID: 75cd0dccc034c6543afb4f969beca6af' -> (Import Result ID: '399bac0ec274befe706db334fc50b26b') in 0.016 seconds [static dependencies only]. Details - ImportResultOutputID=1f64c9f3ea06640901b6aa97eb9512ed DependenciesID=435af23f9d80c94b9a0d276240a2a905 StaticDependenciesID=804bbafa63ed8c76a07e56ac25f5bca2 
Importing 'GUID: 16f24f695cc06684991baf4b1bc6ad22 - Path: Packages/com.unity.nuget.newtonsoft-json/CHANGELOG.md' with importer (TextScriptImporter)
Imported 'GUID: 16f24f695cc06684991baf4b1bc6ad22' -> (Import Result ID: '033524e2e4db16a459fae34e8b54b7df') in 0.006 seconds [static dependencies only]. Details - ImportResultOutputID=2c587b68571c2944afdd40ff66381675 DependenciesID=ca552a6ad0bcf03ec927a1f584c759c2 StaticDependenciesID=a9d1d8cd7c5452b57afa51acb360bee1 
Importing 'GUID: a8a90c35b04530c4f971aaef6fdf3612 - Path: Packages/com.unity.nuget.newtonsoft-json/link.xml' with importer (TextScriptImporter)
Imported 'GUID: a8a90c35b04530c4f971aaef6fdf3612' -> (Import Result ID: 'e370e857a02f36f54b7be8c75b941dcf') in 0.003 seconds [static dependencies only]. Details - ImportResultOutputID=c257b0f52d903cf07d8589f57132dc11 DependenciesID=d7b662077794a6987057fc4db57dc71d StaticDependenciesID=91b490bab81f6cc8e83a4d2466a3b499 
Importing 'GUID: f8d4e5c2f2df25449ae8c391afbe5114 - Path: Packages/com.unity.nuget.newtonsoft-json/package.json' with importer (PackageManifestImporter)
Imported 'GUID: f8d4e5c2f2df25449ae8c391afbe5114' -> (Import Result ID: 'b30403deeda61b55c29e1aec3c441d12') in 0.002 seconds [static dependencies only]. Details - ImportResultOutputID=743f87e78a5f112f0a39e3cbd7a28bfe DependenciesID=b4b9e306687269809a38990ec048c86d StaticDependenciesID=203dde2c326c9f123664d78e6ffdf577 
Importing 'GUID: 4c5640e415edbe342bbe339175268dfc - Path: Packages/com.unity.nuget.newtonsoft-json/Runtime/AOT/Newtonsoft.Json.xml' with importer (TextScriptImporter)
Imported 'GUID: 4c5640e415edbe342bbe339175268dfc' -> (Import Result ID: 'c89f02cb836c56353ff262afa8296edf') in 0.007 seconds [static dependencies only]. Details - ImportResultOutputID=77406d2893f8d3364547fd94d1484ea0 DependenciesID=be1c1dac25e63f2805076698936086c0 StaticDependenciesID=73a038991d2a92c30bbb061129560a42 
Importing 'GUID: fed01095b990a354289891ead909238f - Path: Packages/com.unity.nuget.newtonsoft-json/Runtime/Newtonsoft.Json.xml' with importer (TextScriptImporter)
Imported 'GUID: fed01095b990a354289891ead909238f' -> (Import Result ID: '2e3bede73d415e63c3afd7c958f80e1b') in 0.027 seconds [static dependencies only]. Details - ImportResultOutputID=46748013672dc4f197f57fc5422d1408 DependenciesID=fb3d395449562953aa6c4486b4bdb747 StaticDependenciesID=2a2bdd1bae0f8953e0317952c984d23e 
AutoLocale: current locale expects 'C' but got 'en_US.UTF-8'Launched and connected shader compiler UnityShaderCompiler after 0.39 seconds
No restricted APIs configured; Validation skipped.
Checking 10 assemblies for restricted APIs found 0 usage(s) in 54 ms
Worker ready: AssetImportWorkerHW0 0
